T1,ab,T386
T2,ab,P7326
T2,ab,WA23673
T3,ab,T4CZ15529
T4,ab,T386
T5,ab,WA4CZ10510
T6,ab,P7326
T7,ab,P7326
T8,ab,T632
T9,ab,P7326
T10,ab,T2194
T11,ab,P7326
T12,ab,P7326
T13,ab,P7326
T14,ab,P7326
T15,ab,T2363
T16,ab,WA4CZ10512
T17,ab,T1078
T3052,ab,T1987
T18,ab,T2005
T19,ab,P7326
T20,ab,P7326
T21,ab,P7326
T22,ab,T69
T23,ab,T69
T24,ab,T00AG0337
T26,ab,T2073
T27,ab,T433
T28,ab,P7326
T29,ab,P7326
T31,ab,P7326
T32,ab,P7326
T33,ab,T1211
T34,ab,P7326
T36,ab,WA4CZ10521
T38,ab,P7326
T39,ab,WA4CZ10513
T40,ab,T2099
T41,ab,P7326
T42,ab,T386
T43,ab,P7326
T3053,ab,P7326
T44,ab,P7326
T45,ab,WA4CZ10514
T46,ab,P7326
T47,ab,P7326
T48,ab,P7326
T49,ab,WA4CZ10515
T50,ab,P7326
T51,ab,P7326
T52,ab,WA4CZ10519
T53,ab,T1761
T54,ab,T719
T57,ab,T00AG0337
T58,ab,T386
T59,ab,P7326
T3055,ab,P1614
T60,ab,P7326
T3056,ab,T605
T2843,ab,T106
T3057,ab,T1852
T3043,ab,P207
T3058,ab,P7326
T3059,ab,P7326
T310,ab,WA20804
T311,ab,WA20804
T312,ab,WA20804
T313,ab,WA20804
T314,ab,WA20804
T315,ab,WA20804
T316,ab,WA20804
T317,ab,WA20804
T318,ab,WA20804
T319,ab,WA20804
T321,ab,WA20804
T320,ab,WA20804
T322,ab,WA20804
T323,ab,WA20804
T324,ab,WA10MS11135
T325,ab,WA10MS11135
T326,ab,WA10MS11135
T327,ab,WA22934
T328,ab,WA22934
T329,ab,WA22934
T330,ab,WA22934
T331,ab,WA22934
T332,ab,WA22934
T333,ab,WA22934
T334,ab,WA22934
T335,ab,WA22934
T336,ab,WA22934
T337,ab,WA22934
T338,ab,WA22934
T339,ab,WA20804
T340,ab,WA20804
T341,ab,WA20804
T342,ab,WA20804
T344,ab,WA20804
T3060,ab,WA20804
T345,ab,WA20804
T346,ab,WA20804
T347,ab,T130
T348,ab,T130
T349,ab,T130
T350,ab,T130
T351,ab,T130
T217,ab,T130
T353,ab,T130
T354,ab,T130
T355,ab,T130
T356,ab,T130
T357,ab,T130
T358,ab,T130
T359,ab,T130
T156,ab,T130
T361,ab,T130
T362,ab,WA4CZ15462
T363,ab,T130
T364,ab,T130
T365,ab,T130
T366,ab,T130
T368,ab,T130
T369,ab,T130
T370,ab,T130
T371,ab,T130
T372,ab,T130
T373,ab,T130
T374,ab,T130
T375,ab,T435
T376,ab,WA4CZ15463
T377,ab,T130
T379,ab,T130
T380,ab,T130
T381,ab,T130
T382,ab,T130
T383,ab,T130
T385,ab,T130
T387,ab,T130
T389,ab,T130
T390,ab,T130
T391,ab,T130
T419,ab,T130
T420,ab,T130
T421,ab,T130
T422,ab,WA20804
T424,ab,T130
T425,ab,T130
T392,ab,T130
T394,ab,T130
T395,ab,T1733
T396,ab,T1AT452
T397,ab,T130
T397,ab,T48
T398,ab,T130
T399,ab,T130
T400,ab,T130
T401,ab,T130
T402,ab,T130
T403,ab,T130
T404,ab,T130
T405,ab,T130
T408,ab,T130
T409,ab,T130
T410,ab,T130
T412,ab,T130
T413,ab,T130
T414,ab,T130
T416,ab,T130
T417,ab,T130
T426,ab,T130
T427,ab,T130
T428,ab,T130
T429,ab,T130
T430,ab,T130
T431,ab,T130
T432,ab,T130
T433,ab,T130
T434,ab,T130
T435,ab,T624
T436,ab,T624
T437,ab,T2150
T438,ab,T624
T439,ab,T624
T440,ab,T624
T441,ab,T624
T442,ab,T624
T443,ab,T624
T445,ab,T00AG0325
T446,ab,T00AG0325
T447,ab,T00AG0325
T448,ab,T00AG0325
T449,ab,T00AG0325
T450,ab,T00AG0325
T451,ab,T00AG0325
T453,ab,T2155
T454,ab,T2155
T358,ab,T632
T456,ab,T2137
T457,ab,T2137
T459,ab,T2137
T460,ab,T130
T461,ab,T130
T462,ab,T130
T463,ab,T452
T464,ab,T130
T465,ab,T130
T466,ab,T1346
T467,ab,T130
T468,ab,T130
T469,ab,T130
T470,ab,T130
T471,ab,T130
T473,ab,T130
T474,ab,T130
T475,ab,T130
T476,ab,T130
T3061,ab,WA22306
T64,ab,WA22306
T65,ab,WA22306
T66,ab,WA22306
T67,ab,WA22306
T68,ab,WA22306
T69,ab,WA22306
T70,ab,WA22306
T71,ab,WA22306
T72,ab,WA22306
T73,ab,WA22306
T74,ab,WA22306
T74,ab,T80
T75,ab,T74
T76,ab,T74
T77,ab,T74
T78,ab,T579
T79,ab,T579
T3062,ab,T74
T80,ab,T74
T81,ab,T74
T82,ab,T74
T84,ab,WA4CZ15092
T85,ab,T74
T86,ab,T74
T87,ab,T74
T88,ab,WA4CZ15092
T89,ab,WA4CZ15092
T90,ab,WA4CZ15092
T91,ab,WA4CZ15094
T92,ab,T2552
T93,ab,WA22306
T3063,ab,T74
T94,ab,T74
T95,ab,T74
T96,ab,T74
T97,ab,T74
T98,ab,T74
T99,ab,T74
T101,ab,T74
T102,ab,WA4CZ15092
T103,ab,WA4CZ15092
T106,ab,T130
T107,ab,WA4CZ15103
T108,ab,T74
T109,ab,T74
T110,ab,T74
T111,ab,WA22003
T112,ab,WA22003
T113,ab,WA22003
T114,ab,WA22003
T115,ab,WA22003
T116,ab,WA22003
T118,ab,T1
T118,ab,WA10MS11137
T117,ab,WA1GS152270
T119,ab,WA10MS11137
T120,ab,WA10MS11137
T121,ab,WA10MS11137
T122,ab,WA10MS11137
T123,ab,WA10MS11137
T124,ab,WA10MS11137
T125,ab,WA10MS11137
T126,ab,WA10MS11137
T127,ab,WA10MS11137
T129,ab,WA10MS11137
T130,ab,WA10MS11137
T131,ab,WA4CZ15580
T133,ab,WA4CZ15580
T132,ab,WA4CZ15580
T134,ab,WA4CZ15580
T136,ab,WA10MS11137
T137,ab,WA10MS11137
T138,ab,WA10MS11137
T139,ab,WA10MS11137
T141,ab,WA4CZ16903
T142,ab,T423
T143,ab,T423
T144,ab,T423
T147,ab,T423
T145,ab,T423
T146,ab,T423
T148,ab,T423
T149,ab,T423
T150,ab,T423
T151,ab,T423
T152,ab,WA4CZ15127
T153,ab,T573
T154,ab,T423
T155,ab,T573
T157,ab,T423
T158,ab,T80
T158,ab,T423
T159,ab,T1346
T160,ab,T423
T161,ab,T423
T162,ab,T423
T163,ab,T423
T165,ab,T423
T166,ab,WA10MS11137
T3064,ab,WA4CZ15128
T167,ab,WA10MS11137
T167,ab,T1989
T168,ab,WA10MS11137
T169,ab,WA4CZ15129
T170,ab,T423
T171,ab,T452
T172,ab,T423
T173,ab,T423
T175,ab,T573
T176,ab,T573
T177,ab,T423
T179,ab,T423
T181,ab,T423
T182,ab,T423
T183,ab,T423
T184,ab,T423
T185,ab,T423
T186,ab,T423
T187,ab,T423
T193,ab,T573
T194,ab,T423
T188,ab,T423
T189,ab,T423
T190,ab,T423
T191,ab,T423
T192,ab,T423
T195,ab,T423
T196,ab,T423
T197,ab,T423
T198,ab,WA10MS11137
T199,ab,T423
T202,ab,T423
T2624,ab,T423
T203,ab,T423
T3065,ab,T423
T204,ab,T423
T205,ab,T418
T206,ab,T423
T207,ab,T423
T1812086,ab,T423
T209,ab,T423
T210,ab,WA4CZ15143
T212,ab,WA4CZ15144
T213,ab,T423
T214,ab,T423
T215,ab,T423
T216,ab,T1063
T217,ab,T423
T218,ab,T1346
T219,ab,T573
T220,ab,WA10MS11137
T221,ab,WA10MS11137
T222,ab,WA10MS11137
T223,ab,WA10MS11137
T224,ab,T418
T225,ab,T418
T226,ab,T418
T3066,ab,WA10MS11137
T227,ab,T423
T229,ab,T423
T230,ab,T423
T231,ab,T1067
T232,ab,T1067
T233,ab,T1067
T234,ab,T1067
T242,ab,T1067
T235,ab,T1067
T236,ab,T1067
T237,ab,T1067
T2622,ab,T1067
T3067,ab,T1067
T3068,ab,T1067
T3069,ab,T1060
T238,ab,T1060
T239,ab,T80
T239,ab,T1060
T240,ab,T80
T240,ab,T423
T241,ab,T423
T244,ab,T423
T245,ab,T423
T246,ab,T423
T247,ab,T423
T249,ab,T423
T286,ab,T00JR885
T3071,ab,T00JR885
T3072,ab,T00JR885
T252,ab,T00JR885
T253,ab,T00JR885
T254,ab,T00JR885
T255,ab,T00JR885
T256,ab,T00JR885
T257,ab,T00JR885
T258,ab,T428
T259,ab,T00JR885
T260,ab,T00JR885
T261,ab,T00JR885
T262,ab,T43
T263,ab,T43
T264,ab,T428
T265,ab,T428
T266,ab,T428
T267,ab,T428
T268,ab,T428
T269,ab,T428
T271,ab,T428
T272,ab,T428
T273,ab,T428
T274,ab,T428
T275,ab,T428
T276,ab,T428
T277,ab,WA4CZ15162
T279,ab,T00JR885
T279,ab,T428
T281,ab,T592
T282,ab,T592
T283,ab,T592
T284,ab,T592
T285,ab,T592
T289,ab,T428
T291,ab,T428
T294,ab,T428
T295,ab,T428
T296,ab,T428
T297,ab,T428
T298,ab,T428
T299,ab,WA10MS11137
T299,ab,T428
T300,ab,T428
T302,ab,T428
T303,ab,T428
T304,ab,T428
T306,ab,T428
T307,ab,T428
T3073,ab,T428
T3074,ab,T428
T3075,ab,T428
T3076,ab,T428
T3077,ab,T428
T2680,ab,T428
T2681,ab,T428
T2679,ab,T428
T3060,ab,T428
T3060,ab,T2GS1006
T478,ab,WA4CZ15244
T479,ab,WA4CZ15244
T480,ab,T1205
T481,ab,T1205
T482,ab,T1205
T483,ab,T1205
T484,ab,T1205
T486,ab,T1205
T486,ab,T2127
T487,ab,T1205
T488,ab,T1205
T489,ab,T1768
T491,ab,T1205
T492,ab,WA4CZ15244
T493,ab,T1205
T494,ab,WA4CZ15177
T495,ab,WA4CZ15177
T496,ab,WA4CZ15177
T497,ab,WA4CZ15177
T498,ab,T2GS1087
T499,ab,T2GS1087
T500,ab,T452
T501,ab,T2GS1087
T502,ab,T2GS1087
T503,ab,T80
T503,ab,T2GS1087
T504,ab,T2GS1087
T505,ab,WA4CZ15185
T506,ab,T2GS1087
T507,ab,T2GS1087
T508,ab,T2GS1087
T509,ab,T2GS1087
T510,ab,T1AT298
T511,ab,T423
T512,ab,T2GS1087
T513,ab,T2GS1087
T514,ab,T2GS1087
T515,ab,T2GS1087
T516,ab,T2GS1087
T517,ab,T2GS1087
T518,ab,T2GS1087
T519,ab,T2GS1087
T521,ab,WA4CZ15191
T522,ab,WA4CZ15191
T523,ab,WA4CZ15191
T524,ab,WA10MS11139
T525,ab,WA10MS11139
T526,ab,WA10MS11139
T527,ab,T2012
T528,ab,T2012
T529,ab,T2012
T530,ab,T2012
T531,ab,WA10MS11180
T532,ab,WA10MS11180
T533,ab,WA10MS11180
T534,ab,WA10MS11180
T535,ab,WA10MS11180
T536,ab,WA10MS11180
T538,ab,WA10MS11180
T537,ab,WA10MS11180
T539,ab,WA10MS11180
T539,ab,T1207
T540,ab,WA10MS11180
T541,ab,WA10MS11180
T541,ab,T2044
T542,ab,T1377
T543,ab,T1377
T544,ab,T1377
T545,ab,T1377
T546,ab,T1377
T547,ab,T1377
T548,ab,WA10MS11180
T549,ab,WA10MS11180
T550,ab,T1377
T551,ab,T1377
T553,ab,T452
T554,ab,T452
T555,ab,T619
T556,ab,T619
T557,ab,T00AG0324
T558,ab,T00AG0324
T559,ab,T00AG0324
T560,ab,T00AG0324
T561,ab,T00AG0324
T563,ab,T619
T564,ab,T619
T565,ab,T619
T562,ab,T00AG0324
T566,ab,T619
T567,ab,T619
T3079,ab,T2064
T568,ab,T619
T569,ab,T619
T569,ab,T2072
T570,ab,T2GS1209
T571,ab,T619
T572,ab,T560
T573,ab,T619
T574,ab,T619
T575,ab,T619
T576,ab,T80
T576,ab,T619
T577,ab,T619
T578,ab,T643
T662,ab,T643
T580,ab,T619
T581,ab,T619
T582,ab,T643
T583,ab,T619
T584,ab,T619
T585,ab,T003JR4173
T585,ab,WA4CZ15218
T587,ab,T619
T588,ab,T643
T589,ab,T2127
T590,ab,T639
T591,ab,T648
T592,ab,T619
T593,ab,T619
T594,ab,T619
T595,ab,T619
T596,ab,T498
T597,ab,T619
T598,ab,T619
T3080,ab,T619
T599,ab,T498
T600,ab,T2GS1209
T601,ab,T2GS1209
T602,ab,T498
T603,ab,T498
T604,ab,T498
T605,ab,T498
T606,ab,T649
T608,ab,T619
T609,ab,T619
T610,ab,T619
T611,ab,T619
T612,ab,T619
T613,ab,T619
T614,ab,T619
T615,ab,T643
T616,ab,T1346
T617,ab,T969
T618,ab,T2210
T620,ab,T846
T622,ab,T1AT296
T623,ab,T106
T2897,ab,WA25655
T624,ab,WA4CZ15228
T625,ab,WA4CZ15228
T626,ab,T950
T3081,ab,T950
T3082,ab,WA4CZ15230
T627,ab,T1599
T628,ab,T950
T629,ab,T950
T631,ab,T950
T632,ab,T950
T633,ab,T950
T634,ab,T950
T635,ab,T2458
T636,ab,T926
T3083,ab,T4CZ15233
T3084,ab,T4CZ15233
T637,ab,T950
T638,ab,T950
T639,ab,T950
T640,ab,T950
T642,ab,T950
T643,ab,T401
T644,ab,T950
T646,ab,T950
T647,ab,T401
T2889,ab,T667
T2890,ab,T667
T648,ab,WA4CZ15240
T650,ab,WA4CZ15240
T651,ab,WA4CZ15092
T652,ab,WA4CZ15240
T653,ab,WA4CZ15240
T654,ab,WA25358
T655,ab,WA4CZ15240
T656,ab,WA4CZ15240
T657,ab,WA4CZ15240
T3085,ab,WA4CZ15240
T658,ab,WA4CZ15240
T659,ab,WA4CZ15238
T660,ab,WA10MS11138
T661,ab,T417
T662,ab,T417
T663,ab,T00JR140
T667,ab,T307
T668,ab,T307
T671,ab,T417
T672,ab,T417
T673,ab,T80
T673,ab,T417
T674,ab,T417
T675,ab,T417
T676,ab,T417
T678,ab,WA4CZ15247
T679,ab,T1299
T680,ab,WA4CZ15240
T681,ab,T417
T682,ab,T417
T683,ab,T452
T409,ab,T417
T685,ab,T417
T686,ab,T307
T217,ab,T417
T217,ab,WA4CZ15240
T691,ab,WA4CZ15240
T692,ab,T80
T692,ab,T417
T693,ab,T2064
T698,ab,WA4CZ15249
T699,ab,WA4CZ15249
T700,ab,WA4CZ15255
T701,ab,WA4CZ15249
T702,ab,WA4CZ15256
T703,ab,WA4CZ15247
T2790,ab,WA4CZ15240
T694,ab,T417
T695,ab,WA4CZ15249
T3086,ab,WA4CZ15249
T696,ab,WA4CZ15249
T697,ab,WA4CZ15249
T704,ab,WA4CZ15249
T705,ab,WA4CZ15240
T706,ab,WA4CZ15240
T707,ab,WA4CZ15240
T708,ab,WA4CZ15240
T709,ab,WA4CZ15240
T710,ab,WA4CZ15240
T711,ab,WA4CZ15240
T712,ab,WA4CZ15240
T713,ab,WA4CZ15240
T714,ab,WA4CZ15240
T715,ab,WA4CZ15240
T717,ab,WA4CZ15240
T718,ab,WA4CZ15240
T719,ab,WA4CZ15240
T720,ab,WA4CZ15259
T721,ab,WA4CZ15240
T722,ab,T381
T723,ab,T1432
T726,ab,T969
T662,ab,WA4CZ15240
T728,ab,WA4CZ15261
T729,ab,WA4CZ15263
T730,ab,WA4CZ15263
T731,ab,WA4CZ15265
T732,ab,WA4CZ15267
T733,ab,WA4CZ15269
T735,ab,WA4CZ15269
T736,ab,T417
T737,ab,T2210
T737,ab,T417
T738,ab,T417
T739,ab,T417
T740,ab,WA4CZ15240
T741,ab,T417
T742,ab,T570
T744,ab,T570
T745,ab,T570
T746,ab,T570
T747,ab,T571
T748,ab,T417
T214,ab,T48
T214,ab,T417
T750,ab,T417
T751,ab,T417
T752,ab,T570
T753,ab,WA4CZ15271
T754,ab,T570
T755,ab,T594
T756,ab,T594
T757,ab,T417
T358,ab,T417
T759,ab,T417
T760,ab,T417
T761,ab,T1733
T762,ab,T417
T651,ab,WA4CZ15275
T80,ab,WA4CZ15240
T765,ab,T570
T766,ab,T417
T3087,ab,T417
T770,ab,WA4CZ15277
T769,ab,WA4CZ15277
T771,ab,WA4CZ15240
T772,ab,WA4CZ15240
T773,ab,WA4CZ15240
T774,ab,WA4CZ15280
T775,ab,T571
T776,ab,WA4CZ15240
T777,ab,WA4CZ15240
T778,ab,WA4CZ15240
T779,ab,WA4CZ15240
T780,ab,WA25378
T781,ab,WA4CZ15283
T782,ab,WA4CZ15283
T783,ab,WA4CZ15283
T784,ab,WA4CZ15283
T785,ab,T4CZ15546
T786,ab,T80
T786,ab,T4CZ15546
T787,ab,T389
T788,ab,T4CZ15546
T790,ab,T4CZ15546
T791,ab,T4CZ15546
T793,ab,T4CZ15546
T794,ab,T4CZ15546
T795,ab,T4CZ15546
T797,ab,T4CZ15546
T801,ab,T4CZ15546
T802,ab,T4CZ15546
T803,ab,T4CZ15546
T804,ab,T4CZ15546
T805,ab,T1346
T806,ab,T1346
T807,ab,T389
T808,ab,T1744
T809,ab,T1734
T810,ab,T4CZ15546
T811,ab,T4CZ15546
T812,ab,T4CZ15546
T813,ab,T4CZ15546
T814,ab,T4CZ15546
T816,ab,T4CZ15546
T817,ab,T818
T817,ab,T1734
T818,ab,T4CZ15546
T156,ab,T4CZ15546
T3088,ab,T4CZ15546
T2817,ab,T4CZ15546
T820,ab,T4CZ15546
T821,ab,T4CZ15546
T821,ab,T898
T822,ab,T4CZ15546
T823,ab,T4CZ15546
T824,ab,T4CZ15546
T825,ab,T969
T825,ab,T4CZ15546
T826,ab,T4CZ15546
T827,ab,T4CZ15546
T828,ab,T4CZ15546
T829,ab,T4CZ15546
T830,ab,T80
T830,ab,T4CZ15546
T831,ab,T4CZ15546
T833,ab,WA4CZ15300
T834,ab,WA4CZ15300
T835,ab,WA4CZ15300
T836,ab,WA4CZ15300
T3089,ab,WA4CZ15300
T837,ab,T104
T838,ab,T104
T839,ab,T104
T840,ab,T104
T840,ab,T1322
T842,ab,T104
T745,ab,T104
T2808,ab,T104
T1108,ab,T104
T2803,ab,T104
T3090,ab,T104
T2823,ab,T104
T2824,ab,T00JR885
T2825,ab,T389
T2826,ab,T389
T2818,ab,T2GS1135
T846,ab,T104
T847,ab,T104
T848,ab,T104
T849,ab,T104
T850,ab,T104
T852,ab,T104
T853,ab,T104
T854,ab,T104
T856,ab,T104
T857,ab,T104
T858,ab,T104
T859,ab,T104
T860,ab,T104
T862,ab,T104
T861,ab,T104
T865,ab,T104
T867,ab,T104
T866,ab,T1734
T869,ab,T1018
T870,ab,T1734
T873,ab,T1613
T872,ab,T1613
T874,ab,T1613
T875,ab,T1734
T876,ab,T1613
T877,ab,T1613
T878,ab,T1613
T879,ab,T1613
T880,ab,T1613
T882,ab,T1613
T883,ab,T1734
T884,ab,T1613
T885,ab,T1613
T887,ab,T1613
T888,ab,T898
T888,ab,T1613
T889,ab,T1613
T890,ab,T1613
T891,ab,T1613
T892,ab,T1613
T893,ab,T1613
T894,ab,T1CZ14
T895,ab,T1613
T896,ab,T1613
T897,ab,T1613
T898,ab,T1613
T899,ab,T1613
T900,ab,T1613
T902,ab,T1613
T903,ab,T1613
T912,ab,T969
T913,ab,T4CZ15352
T914,ab,T4CZ15352
T915,ab,T4CZ15352
T904,ab,T2069
T905,ab,T2069
T906,ab,T2069
T907,ab,T2069
T908,ab,T752
T909,ab,T4CZ15353
T910,ab,T4CZ15354
T911,ab,T742
T916,ab,T2069
T917,ab,T2069
T918,ab,T4CZ15355
T919,ab,T2069
T920,ab,T761
T921,ab,T4CZ15353
T922,ab,T4CZ15356
T923,ab,T2069
T924,ab,T2069
T925,ab,T2069
T926,ab,T4CZ15353
T927,ab,T4CZ15353
T928,ab,T4CZ15353
T929,ab,T4CZ15353
T930,ab,T4CZ15353
T931,ab,T4CZ15353
T932,ab,T2069
T933,ab,T2069
T934,ab,T2069
T935,ab,T2069
T936,ab,T2069
T937,ab,T2069
T938,ab,T2069
T939,ab,T1734
T2809,ab,T1613
T2810,ab,T1613
T2811,ab,T1613
T2819,ab,T1564
T2820,ab,T1564
T2821,ab,T1564
T3091,ab,WA22003
T1363,ab,WA22003
T940,ab,WA22003
T941,ab,WA22003
T942,ab,WA22003
T943,ab,WA22003
T945,ab,T69
T946,ab,T69
T944,ab,WA22003
T949,ab,WA22003
T621,ab,T69
T951,ab,T69
T952,ab,T311
T953,ab,T311
T954,ab,T311
T955,ab,T311
T956,ab,T311
T957,ab,WA25455
T958,ab,WA22003
T959,ab,T311
T960,ab,T311
T961,ab,T2210
T961,ab,T465
T512,ab,WA4CZ15277
T217,ab,T311
T970,ab,T311
T971,ab,T311
T972,ab,T4CZ15357
T973,ab,T4CZ15357
T974,ab,T4CZ15357
T976,ab,T4CZ15357
T978,ab,T4CZ15357
T981,ab,T597
T982,ab,T4CZ15353
T983,ab,T106
T984,ab,T106
T985,ab,T106
T986,ab,T106
T988,ab,T106
T988,ab,T2395
T2837,ab,T106
T3092,ab,T106
T992,ab,T1347
T994,ab,T2044
T991,ab,T1347
T993,ab,T1347
T989,ab,T1347
T990,ab,T1347
T995,ab,WA25362
T996,ab,T00AG01174
T997,ab,T654
T998,ab,T00AG01174
T999,ab,T00AG01174
T1000,ab,T660
T1001,ab,T660
T1002,ab,T00AG01174
T1003,ab,T00AG01174
T1004,ab,T00AG01174
T1005,ab,T00AG01174
T1006,ab,T00AG01174
T1007,ab,T00AG01174
T1008,ab,T00AG01174
T1010,ab,T00AG01174
T1011,ab,T00AG01174
T1011,ab,T1469
T1012,ab,T00AG01174
T1013,ab,T00AG01174
T1014,ab,WA25370
T1015,ab,WA25370
T3093,ab,T00AG01174
T1016,ab,T00AG01174
T1019,ab,T00AG01174
T1020,ab,T00AG01174
T1021,ab,T00AG01174
T1022,ab,T00AG01174
T156,ab,T00AG01174
T3094,ab,T00AG01174
T1025,ab,T00AG01174
T1026,ab,T00AG01174
T1027,ab,T00AG01174
T1028,ab,WA25370
T1029,ab,T00AG01174
T3095,ab,T00AG01174
T1030,ab,T00AG01174
T1031,ab,T00AG01174
T1032,ab,T657
T1033,ab,T00AG01174
T1035,ab,T00AG01174
T1036,ab,T00AG01174
T1037,ab,T00AG01174
T1038,ab,T00AG01174
T1040,ab,T527
T1041,ab,T527
T1042,ab,T527
T1043,ab,WA25362
T1044,ab,T00AG01174
T1045,ab,WA25362
T1046,ab,WA25362
T1047,ab,T00AG01174
T1048,ab,T00AG01174
T1049,ab,T00AG01174
T1050,ab,T00AG01174
T1051,ab,T00AG01174
T1052,ab,T00AG01174
T1053,ab,T00AG01174
T1055,ab,WA4CZ15377
T1056,ab,WA4CZ15379
T1054,ab,WA4CZ15375
T1058,ab,T00AG01174
T1059,ab,WA4CZ15381
T1060,ab,T307
T1061,ab,T307
T1062,ab,T2GS1324
T1063,ab,T452
T1064,ab,T307
T1065,ab,T307
T1066,ab,WA20804
T1067,ab,T3CZ1478
T1068,ab,T2086
T1069,ab,T307
T1070,ab,T307
T1071,ab,T307
T1072,ab,T381
T1073,ab,T233
T1074,ab,WA4CZ15393
T1075,ab,T1546
T1076,ab,T356
T1077,ab,T1KG1285
T1078,ab,T1878
T1079,ab,T632
T1080,ab,T4CZ15394
T1082,ab,T2281
T1083,ab,T307
T1084,ab,T632
T1085,ab,T632
T1085,ab,T307
T1086,ab,T969
T1087,ab,T2210
T1088,ab,T2210
T1089,ab,T632
T1090,ab,T2281
T1092,ab,T1KG3717
T1093,ab,T632
T1094,ab,T632
T1095,ab,T632
T1097,ab,WA4CZ15395
T1098,ab,WA4CZ15397
T1100,ab,WA19739
T1101,ab,WA19739
T1102,ab,WA19739
T1103,ab,WA4CZ15398
T1106,ab,T1546
T1107,ab,WA4CZ15400
T1108,ab,T632
T1109,ab,T3CZ1478
T1110,ab,T3CZ1478
T1111,ab,WA19739
T1112,ab,T3CZ1478
T1113,ab,WA4CZ15402
T1119,ab,WA19739
T1114,ab,T3CZ1478
T1115,ab,T3CZ1478
T1116,ab,T3CZ1478
T1117,ab,T3CZ1478
T1118,ab,T3CZ1478
T1120,ab,T456
T1121,ab,T1559
T1123,ab,T2072
T1124,ab,T233
T1125,ab,T233
T1129,ab,T3CZ1478
T1127,ab,T3CZ1478
T1126,ab,T3CZ1478
T1128,ab,T10MS14285
T1130,ab,T2058
T1132,ab,T199
T1133,ab,T2614
T1134,ab,T199
T1140,ab,WA4CZ15144
T1142,ab,T2086
T1143,ab,T2061
T1144,ab,T233
T1148,ab,T1753
T1150,ab,WA4CZ15403
T1131,ab,T199
T3096,ab,T381
T2634,ab,T199
T1151,ab,T210
T1152,ab,T2194
T1153,ab,T2363
T1154,ab,T10MS12962
T1155,ab,T381
T1156,ab,T1249
T1157,ab,T1514
T1158,ab,T1490
T1160,ab,T1120
T1161,ab,T325
T795,ab,T1362
T1163,ab,T199
T1164,ab,T2GS1161
T1165,ab,T619
T1167,ab,T1734
T2629,ab,T394
T3097,ab,T2614
T3098,ab,T325
T2789,ab,T163
T2694,ab,T307
T2695,ab,WA4CZ15407
T3100,ab,T423
T2631,ab,T10MS14285
T3101,ab,T325
T3102,ab,T1443
T1172,ab,T1335
T1216,ab,T1349
T1217,ab,T2064
T1218,ab,T1691
T1220,ab,T1346
T1221,ab,T616
T1222,ab,T2281
T1223,ab,T2072
T1224,ab,T452
T1225,ab,T452
T1226,ab,T1694
T1227,ab,T1KG3717
T1229,ab,T199
T1230,ab,T325
T1231,ab,T199
T1232,ab,T632
T1233,ab,T325
T1234,ab,T1538
T1235,ab,T00UNK2
T1238,ab,T325
T1242,ab,T632
T1244,ab,T307
T1245,ab,T1068
T1246,ab,T1068
T1247,ab,T423
T1248,ab,T1691
T1249,ab,T1246
T1251,ab,T325
T1252,ab,T1GS1589
T1253,ab,T381
T1254,ab,T1GS129191
T1256,ab,T325
T1258,ab,T1PD109541
T1259,ab,T2064
T1260,ab,T1335
T1261,ab,T27
T1263,ab,T1690
T1265,ab,T2GS1319
T1204,ab,T381
T1207,ab,T2212
T1266,ab,T1GS135820
T1267,ab,T199
T1268,ab,T1346
T1269,ab,T1346
T1270,ab,T1346
T1271,ab,T1346
T1272,ab,T1346
T1273,ab,T1346
T1276,ab,T330
T1277,ab,T1346
T1278,ab,T1346
T1279,ab,T624
T1280,ab,T199
T1281,ab,T199
T1282,ab,T2005
T1283,ab,T439
T1284,ab,T199
T1285,ab,T439
T1286,ab,T307
T1287,ab,T307
T1288,ab,T307
T1289,ab,T307
T1290,ab,T307
T1291,ab,T1335
T1292,ab,T614
T1294,ab,T307
T1295,ab,T199
T1296,ab,T439
T1297,ab,T1988
T1298,ab,T106
T1299,ab,T307
T3104,ab,T307
T1302,ab,T1336
T1303,ab,T1336
T1304,ab,T1336
T1305,ab,T1336
T1306,ab,T1336
T1308,ab,T1336
T1309,ab,T1336
T1310,ab,WA4CZ15446
T1311,ab,WA4CZ15446
T1312,ab,WA4CZ15446
T1313,ab,WA4CZ15446
T1315,ab,T452
T156,ab,T452
T156,ab,T330
T1319,ab,T619
T1320,ab,T619
T1321,ab,T1906
T3107,ab,T529
T1323,ab,T2129
T1324,ab,WA4CZ15456
T1325,ab,WA25390
T1326,ab,T2157
T1327,ab,T80
T1328,ab,WA4CZ15459
T1329,ab,T80
T1330,ab,T80
T1331,ab,WA25393
T1332,ab,WA25390
T1333,ab,WA25398
T1334,ab,WA25398
T1335,ab,WA4CZ15177
T1336,ab,WA4CZ15177
T1337,ab,WA25401
T1338,ab,T967
T1339,ab,T452
T1340,ab,T452
T1341,ab,T970
T1342,ab,T973
T406,ab,T885
T1346,ab,T885
T1345,ab,T1903
T217,ab,T8
T1348,ab,T2157
T3108,ab,T2157
T1350,ab,T971
T1351,ab,T2157
T1352,ab,T2157
T1353,ab,T967
T1354,ab,WA22003
T1355,ab,WA22003
T1356,ab,WA22003
T1357,ab,WA22003
T1358,ab,WA22003
T1360,ab,WA22003
T1361,ab,WA22003
T2830,ab,WA22003
T1365,ab,WA22003
T1366,ab,WA22003
T1367,ab,T311
T1367,ab,WA22003
T1368,ab,WA22003
T1374,ab,WA22003
T1375,ab,WA22003
T1376,ab,WA22003
T1377,ab,WA22003
T1378,ab,WA22003
T1379,ab,WA22003
T1380,ab,WA22003
T1381,ab,WA22003
T1382,ab,WA22003
T1383,ab,WA22003
T1384,ab,WA22003
T1385,ab,WA22003
T1386,ab,WA22003
T1387,ab,WA22003
T1388,ab,WA22003
T1389,ab,WA22003
T1390,ab,WA22003
T1391,ab,WA22003
T1391,ab,T2410
T1392,ab,WA22003
T1392,ab,T1361
T1393,ab,T632
T1393,ab,WA22003
T1394,ab,WA22003
T1395,ab,WA22003
T1396,ab,WA22003
T1397,ab,T311
T1398,ab,WA22003
T1399,ab,WA22003
T1400,ab,WA22003
T1401,ab,WA22003
T1402,ab,WA22003
T1403,ab,WA22003
T1404,ab,WA22003
T1404,ab,T2064
T1406,ab,WA22003
T1407,ab,WA22003
T1408,ab,WA22003
T1409,ab,WA22003
T1410,ab,WA4CZ15474
T1411,ab,WA4CZ15474
T406,ab,WA4CZ15474
T1413,ab,T69
T1414,ab,T69
T1415,ab,T980
T1416,ab,T00AG0328
T1417,ab,WA22003
T1417,ab,T2064
T1418,ab,WA22003
T1419,ab,WA4CZ15474
T1420,ab,WA4CZ15474
T1368,ab,WA4CZ15474
T1422,ab,WA4CZ15474
T1423,ab,WA4CZ15474
T1425,ab,WA4CZ15474
T958,ab,WA4CZ15474
T1427,ab,WA4CZ15474
T1428,ab,T69
T1429,ab,T69
T1430,ab,T69
T1431,ab,T69
T1433,ab,T104
T1435,ab,T927
T1435,ab,T618
T409,ab,T69
T1437,ab,T69
T1438,ab,T69
T1439,ab,T69
T1440,ab,T69
T1441,ab,T69
T1442,ab,T69
T1443,ab,WA22003
T1444,ab,T69
T958,ab,T69
T1447,ab,WA22003
T409,ab,WA22003
T1449,ab,WA22003
T1450,ab,WA4CZ15277
T1451,ab,WA4CZ15277
T3110,ab,WA4CZ15277
T1453,ab,WA4CZ15277
T1454,ab,WA4CZ15277
T1455,ab,T974
T1456,ab,T974
T1457,ab,T974
T1458,ab,T976
T3111,ab,T976
T3112,ab,T976
T1459,ab,T976
T1460,ab,T976
T1461,ab,T978
T1461,ab,T976
T3113,ab,WA4CZ15483
T1462,ab,T976
T1463,ab,T2GS1161
T1464,ab,T2GS1161
T1465,ab,T2GS1161
T1466,ab,T632
T1466,ab,T2GS1161
T1467,ab,T2GS1161
T1468,ab,T2GS1161
T1469,ab,T2GS1161
T1470,ab,WA25400
T1471,ab,T2189
T1473,ab,T1017
T1475,ab,T818
T1476,ab,T871
T1477,ab,T871
T1478,ab,T871
T1479,ab,T871
T1480,ab,T871
T1481,ab,T871
T217,ab,T871
T2242,ab,T871
T2753,ab,T1903
T1485,ab,WA4CZ15485
T1486,ab,WA4CZ15485
T1487,ab,T1011
T1488,ab,T1011
T1490,ab,T981
T1491,ab,T981
T1492,ab,WA25515
T1493,ab,WA25515
T1494,ab,T1992
T1495,ab,WA4CZ15487
T1496,ab,WA4CZ15487
T1497,ab,WA4CZ15487
T1498,ab,WA4CZ15488
T1499,ab,WA25411
T1500,ab,WA25411
T3114,ab,T660
T1501,ab,WA4CZ15490
T1502,ab,WA4CZ15490
T1503,ab,WA4CZ15490
T1504,ab,WA4CZ15490
T1505,ab,WA4CZ15491
T1505,ab,WA4CZ15490
T1507,ab,WA4CZ15490
T1757,ab,WA4CZ15490
T1508,ab,WA4CZ15490
T1509,ab,WA4CZ15490
T1510,ab,WA4CZ15490
T1511,ab,WA25510
T1512,ab,WA25502
T1513,ab,WA25470
T1514,ab,WA25471
T1515,ab,WA25471
T1516,ab,WA25474
T1517,ab,WA25438
T1518,ab,WA25437
T1519,ab,WA25437
T1520,ab,T565
T1521,ab,T1347
T1522,ab,T1347
T1523,ab,T1347
T1524,ab,T2230
T1526,ab,T69
T2831,ab,T40
T1527,ab,T678
T1528,ab,T69
T1529,ab,T69
T1530,ab,T69
T1531,ab,T69
T1534,ab,T69
T1535,ab,T69
T1536,ab,T1012
T1537,ab,T1012
T3115,ab,T2230
T1538,ab,T69
T2833,ab,T69
T1539,ab,T1012
T1540,ab,T821
T1542,ab,T821
T1541,ab,T106
T1543,ab,T106
T3116,ab,T106
T1545,ab,T106
T2842,ab,T106
T1546,ab,T106
T1548,ab,T106
T1549,ab,T106
T1550,ab,T106
T1547,ab,T106
T1551,ab,T106
T1552,ab,T106
T1554,ab,T00JR996
T1554,ab,T106
T1556,ab,T00JR996
T3117,ab,T106
T1561,ab,T597
T1562,ab,T106
T1563,ab,T106
T1564,ab,T106
T1565,ab,T106
T1566,ab,T106
T1567,ab,T642
T1568,ab,T599
T1569,ab,T106
T1570,ab,T2072
T1571,ab,T597
T1572,ab,T597
T1573,ab,T106
T1574,ab,T106
T1575,ab,T106
T1576,ab,T525
T1577,ab,T597
T1578,ab,T598
T1579,ab,T106
T1580,ab,T106
T1581,ab,T106
T1582,ab,T106
T1583,ab,T106
T1584,ab,T106
T1585,ab,T106
T1586,ab,T106
T1587,ab,T106
T1588,ab,T106
T1589,ab,T106
T1590,ab,T106
T1591,ab,T106
T1592,ab,T106
T1593,ab,T106
T1594,ab,T106
T1595,ab,T106
T1596,ab,T106
T1597,ab,T106
T1598,ab,T106
T1599,ab,T1988
T1600,ab,T1988
T1601,ab,T1988
T1602,ab,T106
T1603,ab,T106
T1604,ab,T106
T1605,ab,T106
T1606,ab,T106
T1607,ab,T106
T1608,ab,T106
T1609,ab,T106
T1610,ab,T106
T1611,ab,T106
T1612,ab,T106
T1613,ab,T106
T1614,ab,T106
T1615,ab,T106
T1616,ab,T597
T1617,ab,T106
T1618,ab,T106
T1619,ab,T106
T1620,ab,T106
T1621,ab,T106
T1622,ab,T106
T1623,ab,T106
T1624,ab,T106
T1625,ab,T106
T1626,ab,T106
T1627,ab,T106
T1628,ab,T106
T1629,ab,T106
T1630,ab,T106
T1631,ab,T106
T1632,ab,T106
T1633,ab,T106
T1634,ab,T106
T1635,ab,T106
T1636,ab,T106
T1637,ab,T106
T1638,ab,T106
T1639,ab,T106
T1640,ab,T106
T1641,ab,T106
T1642,ab,T106
T1643,ab,T106
T1644,ab,T106
T1645,ab,T106
T3118,ab,T106
T1647,ab,T106
T1649,ab,T106
T1650,ab,T106
T1651,ab,T106
T1652,ab,T106
T1653,ab,T106
T1653,ab,T2082
T1654,ab,T106
T1655,ab,T1988
T1656,ab,T106
T1656,ab,T1988
T1657,ab,T106
T1658,ab,T106
T1659,ab,T106
T1660,ab,T106
T1661,ab,T106
T1662,ab,T106
T1663,ab,T106
T217,ab,T106
T1665,ab,T106
T1666,ab,T106
T759,ab,T106
T1668,ab,T00JR996
T1669,ab,T106
T1562,ab,T525
T1671,ab,T80
T1671,ab,T642
T1672,ab,T597
T1673,ab,T642
T1674,ab,T597
T1675,ab,T106
T1676,ab,T597
T1677,ab,T597
T1678,ab,T605
T1679,ab,T605
T1680,ab,T605
T1681,ab,T821
T1682,ab,T821
T1683,ab,T821
T1684,ab,T821
T1686,ab,T390
T1687,ab,T00AG01174
T1688,ab,T390
T1689,ab,T390
T1690,ab,T390
T1691,ab,T390
T1692,ab,T390
T1694,ab,T00AG01174
T1695,ab,T390
T1002,ab,T654
T1697,ab,T390
T1698,ab,T390
T1699,ab,T390
T1700,ab,T390
T1701,ab,T390
T1702,ab,T390
T1702,ab,T713
T1704,ab,T390
T1705,ab,T00AG01174
T1706,ab,T712
T1708,ab,T390
T1709,ab,T00AG01174
T1710,ab,T390
T1711,ab,T390
T1712,ab,T390
T1714,ab,T390
T1717,ab,T00AG01174
T1718,ab,T390
T1720,ab,T00AG01174
T1721,ab,T989
T1723,ab,T00AG01174
T1724,ab,T00AG01174
T1725,ab,T00AG01174
T1726,ab,T660
T1727,ab,T660
T1728,ab,T660
T1729,ab,T660
T1730,ab,T00AG01174
T3114,ab,T00AG01174
T1731,ab,T2549
T1732,ab,T2549
T1733,ab,T2549
T1734,ab,T2549
T1735,ab,T2549
T1736,ab,T2549
T1737,ab,T2549
T1738,ab,T2549
T1739,ab,T2549
T1740,ab,T2549
T1741,ab,T2549
T1742,ab,T2549
T409,ab,T2549
T1744,ab,T2549
T1745,ab,T2549
T1746,ab,T2549
T1747,ab,T2549
T3120,ab,T2549
T1748,ab,T2549
T1749,ab,T2549
T1750,ab,T2549
T1751,ab,T2549
T1753,ab,T2549
T1754,ab,T2549
T1755,ab,T2549
T1508,ab,T2549
T1758,ab,T2549
T1759,ab,T2549
T1760,ab,T00AG01174
T217,ab,T2549
T1762,ab,T2549
T1763,ab,T2549
T1752,ab,T2549
T1765,ab,T2549
T2882,ab,T2549
T2883,ab,T2549
T1767,ab,T2549
T1768,ab,T2549
T1769,ab,T2549
T1770,ab,T2549
T1771,ab,T2549
T1772,ab,T2549
T1775,ab,T554
T1777,ab,T486
T1778,ab,T2630
T1779,ab,T01AG02844
T1780,ab,T1GS2518
T1781,ab,T2549
T1782,ab,T2549
T1783,ab,T2549
T1784,ab,T2549
T1785,ab,T2549
T1786,ab,T390
T1787,ab,T390
T1788,ab,T390
T1789,ab,T390
T1790,ab,T390
T1791,ab,T390
T1792,ab,T390
T1793,ab,T390
T1794,ab,T2549
T1795,ab,T2549
T1796,ab,T2549
T1797,ab,T2549
T1798,ab,T2549
T1799,ab,T2549
T1800,ab,T2549
T1801,ab,T2549
T1802,ab,T2549
T1803,ab,T2549
T1804,ab,T2549
T1805,ab,T2549
T1806,ab,T2549
T1807,ab,T2549
T1808,ab,T2549
T1809,ab,T2549
T1810,ab,T2549
T1811,ab,T2549
T1812,ab,T2549
T1813,ab,T2549
T1814,ab,T2549
T1815,ab,T2549
T1816,ab,T2549
T1817,ab,T2549
T1818,ab,T2549
T1819,ab,T2549
T1820,ab,T2549
T1821,ab,T2549
T1822,ab,T2549
T1823,ab,T2549
T1824,ab,T2549
T1825,ab,T2549
T1826,ab,T2549
T3121,ab,T2549
T1827,ab,T2549
T1828,ab,T2549
T1829,ab,T2549
T1830,ab,T2549
T1832,ab,T2549
T1833,ab,T2549
T1834,ab,T2549
T1835,ab,T2549
T1836,ab,T2549
T1837,ab,T2549
T1838,ab,T2549
T1839,ab,T2549
T1840,ab,T2549
T1841,ab,T2549
T1842,ab,T2549
T1843,ab,T2549
T1844,ab,T2549
T1845,ab,T2549
T1846,ab,T2549
T1847,ab,T2549
T1849,ab,T2549
T1850,ab,T2549
T1851,ab,T2549
T1852,ab,T2549
T1853,ab,T2549
T1854,ab,T2549
T1855,ab,T2549
T1856,ab,T2549
T1857,ab,T2549
T1858,ab,T2549
T1859,ab,T2549
T1860,ab,T2549
T1861,ab,T2549
T1862,ab,T2549
T1863,ab,T2549
T1864,ab,T2549
T1865,ab,T2549
T1866,ab,T2549
T1867,ab,T2549
T1868,ab,T2549
T1869,ab,T2549
T1870,ab,T2549
T1871,ab,T2549
T1872,ab,T2549
T1873,ab,T4CZ15521
T1874,ab,T4CZ15521
T1875,ab,T1734
T1880,ab,T2044
T1881,ab,T2044
T1882,ab,T618
T1883,ab,T618
T1885,ab,T667
T1886,ab,T667
T1887,ab,T666
T1888,ab,T618
T1889,ab,T618
T1890,ab,T618
T3122,ab,T1PD114149
T1891,ab,T1PD114149
T1893,ab,T818
T1894,ab,T818
T1895,ab,T2078
T1896,ab,T818
T1897,ab,T2GS1201
T1899,ab,T1PD114149
T1902,ab,T818
T1903,ab,T703
T1904,ab,T703
T1636,ab,T703
T1906,ab,T703
T1916,ab,T703
T1918,ab,T703
T1919,ab,T1CZ12
T1920,ab,T1CZ12
T1921,ab,T1CZ12
T1919,ab,T703
T1920,ab,T703
T1921,ab,T703
T1922,ab,T703
T1925,ab,T703
T1931,ab,T703
T1932,ab,T703
T1926,ab,T703
T1927,ab,T703
T1928,ab,T703
T1929,ab,T703
T1930,ab,T703
T759,ab,T703
T1934,ab,T703
T1935,ab,T703
T1936,ab,T703
T1937,ab,T875
T1938,ab,T875
T1939,ab,T875
T1940,ab,T1GS147808
T1944,ab,T875
T1945,ab,T875
T1946,ab,T896
T1947,ab,T875
T1948,ab,T896
T1949,ab,T502
T1950,ab,T969
T1951,ab,T1992
T1952,ab,T870
T1953,ab,T870
T1953,ab,T1855
T1954,ab,T870
T1954,ab,T1855
T1955,ab,T1KG3927
T1956,ab,T1699
T1957,ab,T1
T1958,ab,T1506
T759,ab,T1028
T1960,ab,T80
T1961,ab,T80
T1962,ab,T8
T1963,ab,T386
T1964,ab,T691
T1965,ab,T386
T1967,ab,T691
T1968,ab,T564
T1970,ab,T593
T1972,ab,T593
T1973,ab,T597
T1976,ab,T605
T1978,ab,T4CZ15528
T1980,ab,T1207
T1981,ab,T1207
T1982,ab,T106
T1984,ab,T4CZ15529
T1985,ab,T4CZ15529
T1986,ab,T4CZ15530
T1987,ab,T106
T1988,ab,T69
T1989,ab,T69
T1990,ab,T69
T1992,ab,T1012
T1994,ab,T1012
T1995,ab,T1012
T1996,ab,T4CZ15531
T1997,ab,T4CZ15531
T1998,ab,T899
T2001,ab,T899
T2002,ab,T899
T2003,ab,T69
T2004,ab,T2230
T2006,ab,T423
T2003,ab,T311
T2010,ab,T2230
T2011,ab,T2230
T2012,ab,T2230
T1995,ab,T619
T2023,ab,T00AG0338
T2026,ab,T619
T2027,ab,T619
T2028,ab,T00AG0325
T2029,ab,T00AG0325
T2030,ab,T00AG0325
T1995,ab,T00AG0325
T2039,ab,T2GS1160
T2043,ab,T389
T2044,ab,T389
T2045,ab,T389
T2046,ab,T1CZ14
T2048,ab,T1CZ14
T2051,ab,T1CZ14
T2054,ab,T1CZ14
T1995,ab,T1CZ14
T2056,ab,T1CZ14
T2057,ab,T919
T2060,ab,T919
T2061,ab,T4CZ15534
T2063,ab,T2GS1209
T2065,ab,T4CZ15535
T2068,ab,T4CZ15536
T2070,ab,T675
T2071,ab,T761
T2072,ab,T4CZ15537
T2073,ab,T875
T2074,ab,T1GS147808
T2075,ab,T4CZ15538
T2076,ab,T4CZ15539
T1943,ab,T4CZ15540
T2078,ab,T875
T2079,ab,T4CZ15541
T2080,ab,T740
T2071,ab,T736
T2082,ab,T4CZ15542
T2083,ab,T4CZ15543
T2084,ab,T4CZ15544
T2085,ab,T4CZ15544
T2086,ab,T431
T2088,ab,T1432
T2089,ab,T1432
T2092,ab,T1432
T2093,ab,T1432
T2095,ab,T1432
T2096,ab,T1432
T1995,ab,T1432
T2098,ab,T1432
T2100,ab,T970
T2101,ab,T1932
T2102,ab,T2044
T2103,ab,T1613
T2107,ab,T1734
T2108,ab,T1734
T2109,ab,T700
T409,ab,T170
T2111,ab,T4CZ15547
T2112,ab,T1305
T2113,ab,T423
T2114,ab,T130
T279,ab,T2150
T2430,ab,T00JR885
T2119,ab,T00JR885
T2121,ab,T00JR885
T2123,ab,T660
T2124,ab,T660
T2125,ab,T950
T3011,ab,T620
T2126,ab,T564
T2127,ab,T69
T2128,ab,T69
T2129,ab,T69
T2130,ab,T1012
T2133,ab,T69
T2134,ab,T69
T2135,ab,T69
T2136,ab,T69
T2137,ab,T69
T2138,ab,T69
T2139,ab,T69
T2140,ab,T012AG03338
T2141,ab,T69
T2142,ab,T69
T2143,ab,T2230
T2144,ab,T1012
T2148,ab,T69
T2149,ab,T605
T2150,ab,T4CZ15528
T2151,ab,T597
T2152,ab,T642
T2153,ab,T106
T1981,ab,T106
T2158,ab,T2264
T2160,ab,T1CZ14
T2161,ab,T1CZ14
T2162,ab,T1CZ14
T2163,ab,T686
T2165,ab,T1CZ14
T2166,ab,T735
T2167,ab,T1432
T2168,ab,T1432
T2169,ab,T694
T2170,ab,T2GS1209
T2039,ab,T2GS1161
T2176,ab,T2GS1161
T2177,ab,T618
T2181,ab,T1GS148157
T2182,ab,T389
T2183,ab,T700
T2184,ab,T498
T2067,ab,T4CZ15535
T2186,ab,T4CZ15535
T2187,ab,T00AG0325
T2188,ab,T00AG0325
T2190,ab,T00AG0325
T2191,ab,T4CZ15529
T2192,ab,T1432
T2193,ab,T619
T2195,ab,T1613
T1941,ab,T4CZ15538
T2200,ab,T4CZ15539
T2201,ab,T4CZ15540
T2202,ab,T4CZ15541
T2204,ab,T736
T2205,ab,T4CZ15542
T2206,ab,T950
T2207,ab,T4CZ15534
T2209,ab,T736
T2210,ab,T2044
T2211,ab,T423
T2212,ab,T624
T2214,ab,T2GS1160
T2215,ab,T1CZ14
T2217,ab,T00AG0325
T2219,ab,T106
T2220,ab,T2GS1201
T2221,ab,T2GS1201
T2225,ab,T642
T2226,ab,T642
T2227,ab,T642
T1970,ab,T642
T2231,ab,T597
T2232,ab,T597
T2233,ab,T597
T2238,ab,T605
T2239,ab,T605
T2240,ab,T4CZ15528
T2242,ab,T4CZ15528
T2245,ab,T106
T2247,ab,T4CZ15529
T2249,ab,T4CZ15530
T2250,ab,T4CZ15529
T2251,ab,T4CZ15551
T2252,ab,T106
T2253,ab,T106
T2254,ab,T106
T2255,ab,T821
T2256,ab,T4CZ15529
T2257,ab,T821
T2259,ab,T69
T2261,ab,T899
T2262,ab,T899
T2263,ab,T899
T2264,ab,T69
T2265,ab,T899
T2267,ab,T2230
T2271,ab,T69
T2272,ab,T1012
T2273,ab,T69
T2274,ab,T69
T2275,ab,T980
T2276,ab,T980
T2277,ab,T389
T2004,ab,T69
T2001,ab,T69
T2283,ab,T69
T2285,ab,T69
T2287,ab,T423
T2288,ab,T69
T2290,ab,T69
T2292,ab,T69
T2293,ab,T2230
T2294,ab,T69
T2295,ab,T69
T2296,ab,T69
T2297,ab,T00AG0327
T2298,ab,T69
T2299,ab,T4CZ15544
T2303,ab,T2264
T2304,ab,T619
T2305,ab,T619
T2306,ab,T619
T555,ab,T2137
T2313,ab,T1337
T2314,ab,T4CZ15554
T2315,ab,T4CZ15554
T2316,ab,T00AG0338
T2317,ab,T00AG0338
T2319,ab,T00AG0338
T2320,ab,T4CZ15535
T2027,ab,T2GS1173
T2322,ab,T619
T2323,ab,T619
T2324,ab,T619
T2325,ab,T00AG0338
T2326,ab,T701
T2327,ab,T619
T2328,ab,T619
T2332,ab,T4CZ15535
T2333,ab,T4CZ15535
T2334,ab,T4CZ15535
T2337,ab,T498
T2340,ab,T652
T2343,ab,T1CZ14
T2344,ab,T1CZ14
T2346,ab,T1CZ14
T2347,ab,T1CZ14
T2348,ab,T1CZ14
T2349,ab,T1CZ14
T2351,ab,T1CZ14
T2355,ab,T1CZ14
T2357,ab,T1CZ14
T2358,ab,T1CZ14
T2359,ab,T1GS148157
T359,ab,T1GS148157
T2362,ab,T1GS148157
T2363,ab,T2GS1198
T2361,ab,T2GS1161
T2363,ab,T2GS1160
T2365,ab,T2GS1160
T2361,ab,T2GS1160
T2368,ab,T2GS1160
T2372,ab,T389
T2373,ab,T389
T2376,ab,T389
T2382,ab,T00AG0325
T2383,ab,T00AG0325
T2384,ab,T00AG0325
T2386,ab,T00AG0325
T2387,ab,T00AG0325
T2385,ab,T00AG0325
T2389,ab,T00AG0325
T2390,ab,T00AG0325
T2391,ab,T00AG0325
T2393,ab,T00AG0325
T2395,ab,T00AG0325
T2396,ab,T00AG0325
T2400,ab,T00AG0325
T2070,ab,T2GS1216
T2402,ab,T1725
T2403,ab,T4CZ15537
T2408,ab,T4CZ15538
T1942,ab,T4CZ15539
T2411,ab,T4CZ15555
T2412,ab,T4CZ15541
T2413,ab,T740
T2415,ab,T4CZ15542
T2418,ab,T4CZ15534
T2420,ab,T4CZ15534
T2422,ab,T2GS1216
T2424,ab,T756
T2057,ab,T756
T2060,ab,T756
T2429,ab,T592
T2431,ab,T00JR885
T2086,ab,T681
T2434,ab,T1432
T2437,ab,T1432
T2438,ab,T1432
T2439,ab,T1432
T2440,ab,T1432
T2441,ab,T1432
T2443,ab,T2044
T2444,ab,T2044
T2445,ab,T4CZ15556
T2446,ab,T4CZ15557
T2102,ab,T4CZ15558
T2457,ab,T1305
T2459,ab,T130
T2460,ab,T624
T2462,ab,T660
T2463,ab,T660
T2464,ab,T950
T2466,ab,T1631
T2469,ab,T681
T2468,ab,T681
T2471,ab,T605
T2472,ab,T597
T2473,ab,T619
T2474,ab,T683
T2475,ab,T69
T2476,ab,T1734
T2477,ab,T756
T2478,ab,T00AG0325
T2479,ab,T1432
T2481,ab,T1CZ14
T2484,ab,T1CZ14
T2485,ab,T4CZ15559
T2486,ab,T2264
T2487,ab,T619
T3126,ab,T619
T2488,ab,T619
T2489,ab,T619
T2490,ab,T619
T2491,ab,T619
T2492,ab,T619
T2493,ab,T1337
T2495,ab,T619
T2496,ab,T619
T2497,ab,T619
T2498,ab,T619
T2499,ab,T619
T2500,ab,T619
T2501,ab,T619
T2502,ab,T1337
T2503,ab,T00AG0338
T2506,ab,T619
T2507,ab,T619
T2508,ab,T619
T2509,ab,T1337
T562,ab,T619
T2512,ab,T619
T2513,ab,T619
T2514,ab,T619
T2517,ab,T619
T2518,ab,T619
T2520,ab,T389
T2521,ab,T389
T2522,ab,T756
T2523,ab,T756
T2524,ab,T756
T2526,ab,T788
T2884,ab,T389
T2527,ab,T80
T2528,ab,T80
T2529,ab,T307
T2530,ab,T632
T2531,ab,T632
T2532,ab,T307
T2533,ab,T632
T2534,ab,T10MS12962
T2535,ab,T1460
T2536,ab,T1336
T2537,ab,T632
T2538,ab,T177
T2539,ab,T1KG3717
T2540,ab,T307
T2541,ab,WA4CZ15563
T2542,ab,T1KG3717
T2543,ab,T2081
T3012,ab,WA22925
T2544,ab,T336
T2545,ab,T336
T2546,ab,T336
T2547,ab,T336
T2548,ab,T201
T2549,ab,T1336
T2550,ab,T2061
T2551,ab,T197
T2552,ab,T197
T2553,ab,T197
T2554,ab,T197
T2555,ab,T197
T2556,ab,T197
T2557,ab,T197
T2558,ab,T1852
T2559,ab,T1852
T2560,ab,T1852
T2561,ab,T1852
T2562,ab,T1852
T2563,ab,T707
T2564,ab,T707
T2566,ab,T1432
T2567,ab,T399
T2568,ab,T399
T2569,ab,T399
T2565,ab,T1432
T2571,ab,T1432
T2572,ab,T1432
T2573,ab,T694
T3127,ab,T694
T2574,ab,T510
T2575,ab,T756
T2576,ab,T1132
T3128,ab,G2GS1037
T795,ab,P5291
T2580,ab,T1362
T3129,ab,T167
T2584,ab,T1400
T2586,ab,T632
T2588,ab,T406
T3130,ab,T1338
T2589,ab,T554
T2590,ab,T170
T2591,ab,T887
T2594,ab,WA4CZ15579
T2595,ab,T1458
T2596,ab,T1742
T2599,ab,T1761
T3138,ab,T1761
T2602,ab,T1689
T3131,ab,T2005
T3134,ab,WA19716
T3133,ab,WA19716
T3135,ab,WA25402
T3136,ab,WA4CZ15640
T3139,ab,WA19716
T3140,ab,WA19716
T3141,ab,WA19716
T3142,ab,WA19716
T3143,ab,WA4CZ15639
T3144,ab,WA19716
T3145,ab,WA19716
T3146,ab,WA19716
T3147,ab,WA24516
T3148,ab,WA4CZ15640
T3149,ab,WA4CZ15640
T3150,ab,WA4CZ15640
T3151,ab,WA4CZ15640
T3152,ab,WA24516
T3153,ab,WA4CZ15640
T3153,ab,WA24516
T3153,ab,WA4CZ15641
T3154,ab,WA23840
T3155,ab,WA23840
T3156,ab,WA4CZ15640
T3157,ab,T2005
T3158,ab,WA4CZ15642
T3159,ab,WA4CZ15643
T3160,ab,WA4CZ15643
T3161,ab,WA4CZ15645
T3162,ab,WA4CZ15645
T3163,ab,WA22339
T3164,ab,WA22339
T3165,ab,WA22339
T3166,ab,WA22339
T3167,ab,WA22339
T3168,ab,WA22339
T3174,ab,WA23226
T3175,ab,WA4CZ16739
T3176,ab,WA1GS136632
T3177,ab,WA4CZ16740
T1092,ab,T233
T3179,ab,T233
T3180,ab,WA4CZ16741
T3181,ab,T2281
T3181,ab,WA4CZ16742
T3183,ab,T233
T3184,ab,T233
T3185,ab,T233
T3186,ab,WA4CZ16743
T3187,ab,WA23226
T3188,ab,T233
T3189,ab,T233
T3190,ab,WA4CZ16744
T3191,ab,T233
T3192,ab,T233
T3193,ab,T233
T3194,ab,WA4CZ16746
T3195,ab,T233
T3196,ab,T233
T3197,ab,WA00EGS1017855
T3198,ab,WA23226
T3199,ab,T233
T3200,ab,T233
T3201,ab,WA4CZ16748
T3202,ab,WA4CZ16748
T3203,ab,T233
T3204,ab,WA23226
T3205,ab,WA23226
T3206,ab,T1764
T3207,ab,WA19458
T3208,ab,T233
T3209,ab,WA10MS11428
T3210,ab,WA19459
T3211,ab,T1981
T3212,ab,WA1GS136632
T3213,ab,WA1GS136632
T3214,ab,T233
T3215,ab,WA19458
T3216,ab,WA19740
T3217,ab,WA19740
T3218,ab,WA19740
T3219,ab,WA19740
T3220,ab,WA19740
T3221,ab,WA19740
T3222,ab,WA19740
T3223,ab,WA19740
T3224,ab,WA19740
T3225,ab,WA19740
T3226,ab,T1441
T3227,ab,WA4CZ16750
T3228,ab,WA4CZ16750
T3229,ab,T233
T3230,ab,WA21920
T3231,ab,WA21920
T3232,ab,T233
T3233,ab,T233
T3234,ab,T233
T3235,ab,T233
T3236,ab,WA4CZ16752
T3237,ab,T632
T3239,ab,T233
T3240,ab,T233
T3241,ab,WA4CZ16754
T3242,ab,T233
T1724,ab,T233
T3244,ab,T233
T3245,ab,WA4CZ16757
T3246,ab,T233
T3247,ab,T1441
T3248,ab,T233
T3249,ab,WA22293
T3251,ab,T1KG3717
T3251,ab,T614
T3256,ab,T2064
T3257,ab,T2064
T3259,ab,T4CZ15473
T3265,ab,T386
T3268,ab,WA4CZ16761
T3270,ab,T233
T3271,ab,T233
T3272,ab,T233
T3273,ab,T1988
T3275,ab,T233
T3276,ab,WA4CZ16764
T3277,ab,T1078
T3278,ab,WA4CZ16764
T3280,ab,T1078
T3281,ab,T1078
T3282,ab,T2189
T3283,ab,WA4CZ16765
T3284,ab,T1078
T3285,ab,T2005
T3286,ab,T1091
T3287,ab,T1400
T3289,ab,WA4CZ16766
T3290,ab,T238
T3292,ab,T1078
T3293,ab,T1078
T3294,ab,T1297
T3295,ab,T1KG3717
T3296,ab,T1KG3717
T3297,ab,T1KG3717
T3298,ab,T2002
T3299,ab,T2126
T3300,ab,T2126
T667,ab,T1078
T3302,ab,T769
T3304,ab,T1KG3717
T3306,ab,T1400
T3307,ab,T338
T3308,ab,T1400
T3310,ab,T338
T3310,ab,T1400
T3311,ab,T1400
T3314,ab,T2MS14940
T3315,ab,T225
T3317,ab,T338
T3318,ab,T201
T3321,ab,WA4CZ16768
T3322,ab,WA4CZ16769
T3323,ab,WA4CZ16771
T3324,ab,WA4CZ16773
T3325,ab,T1KG3717
T3326,ab,WA4CZ16774
T3327,ab,WA4CZ16769
T3328,ab,WA4CZ16775
T3329,ab,WA25438
T3330,ab,T2002
T3331,ab,WA4CZ16777
T3332,ab,WA4CZ16777
T3333,ab,WA4CZ16779
T3334,ab,WA4CZ16782
T3335,ab,WA4CZ16783
T3336,ab,WA4CZ16742
T3337,ab,T1091
T3338,ab,WA4CZ16786
T3339,ab,WA4CZ16779
T3340,ab,WA4CZ16788
T3341,ab,WA4CZ16774
T3342,ab,WA4CZ16789
T3343,ab,WA4CZ16790
T3344,ab,WA4CZ16790
T3345,ab,WA1GS107864
T3346,ab,WA1GS107864
T3347,ab,WA1GS107864
T3348,ab,WA4CZ16793
T3349,ab,WA10MS11182
T3351,ab,WA4CZ16796
T3352,ab,WA4CZ16796
T3353,ab,WA4CZ16796
T3354,ab,WA4CZ16796
T3355,ab,WA4CZ16768
T3356,ab,WA4CZ16799
T3357,ab,WA4CZ16801
T3358,ab,WA4CZ16801
T3359,ab,T2055
T3360,ab,T2055
T3361,ab,T2055
T3362,ab,T2055
T3363,ab,T233
T3364,ab,WA1GS1563
T3365,ab,WA22208
T3366,ab,WA4CZ16802
T3367,ab,WA4CZ16803
T3368,ab,WA22208
T3369,ab,WA22208
T3370,ab,WA22208
T3371,ab,WA4CZ16802
T3372,ab,WA4CZ16768
T3373,ab,WA22208
T3374,ab,T4CZ16807
T3376,ab,T1078
T3377,ab,T4CZ16807
T3378,ab,T4CZ16807
T3379,ab,T4CZ16807
T3380,ab,T4CZ16807
T3381,ab,T4CZ16807
T3382,ab,T4CZ16807
T3383,ab,WA4CZ16808
T3384,ab,T1078
T3384,ab,T1426
T3385,ab,WA4CZ16809
T3386,ab,WA4CZ16808
T3387,ab,T1KG3717
T3388,ab,T59
T3389,ab,WA4CZ16810
T3390,ab,WA4CZ16810
T3391,ab,WA4CZ16810
T3392,ab,WA23639
T3393,ab,WA23639
T3395,ab,T1420
T3395,ab,T2107
T3396,ab,WA4CZ16811
T3398,ab,T2107
T3401,ab,T1KG3717
T3402,ab,WA4CZ16813
T3403,ab,WA4CZ16811
T3404,ab,WA4CZ16814
T3405,ab,WA4CZ16814
T3406,ab,WA4CZ16814
T3407,ab,WA4CZ16812
T3408,ab,WA4CZ16813
T3409,ab,WA4CZ1037
T3410,ab,WA21920
T3411,ab,T1988
T3412,ab,T439
T3413,ab,T439
T3414,ab,T2005
T3415,ab,T4CZ16806
T3420,ab,WA22931
T3421,ab,WA22931
T3423,ab,WA21920
T3425,ab,T00EGS1017686
T3426,ab,T2126
T3428,ab,WA19720
T3429,ab,WA19720
T3430,ab,WA19720
T3431,ab,WA19720
T3432,ab,WA19720
T3433,ab,WA19720
T3435,ab,WA19720
T3436,ab,WA19720
T3438,ab,WA4CZ15380
T3439,ab,T2194
T3440,ab,T238
T3441,ab,WA4CZ16816
T3442,ab,WA4CZ16817
T3443,ab,WA4CZ16817
T3444,ab,WA4CZ16817
T3445,ab,WA4CZ16817
T3446,ab,WA4CZ16817
T3447,ab,WA4CZ16817
T3448,ab,WA4CZ16817
T3449,ab,T55
T3450,ab,WA4CZ16825
T3451,ab,WA4CZ16824
T3452,ab,WA4CZ16826
T3453,ab,WA4CZ16827
T3454,ab,WA4CZ16827
T3455,ab,T55
T3456,ab,T55
T3457,ab,WA4CZ16829
T3458,ab,WA4CZ16829
T3459,ab,WA4CZ16829
T3460,ab,WA4CZ16829
T3461,ab,WA4CZ16829
T3462,ab,T1787
T3463,ab,WA2GS1034
T3464,ab,WA2GS1034
T3466,ab,T1368
T3469,ab,T55
T3472,ab,T55
T3473,ab,WA4CZ16832
T3474,ab,T55
T3475,ab,WA4CZ16835
T3476,ab,T55
T3478,ab,T55
T3480,ab,WA4CZ16836
T3481,ab,T55
T3482,ab,T55
T3484,ab,T55
T3485,ab,T55
T3486,ab,T55
T3488,ab,T386
T3489,ab,WA4CZ16838
T3490,ab,P7326
T3493,ab,P7326
T3494,ab,P7326
T3495,ab,P7326
T3498,ab,T1078
T3495,ab,T4CZ16839
T3501,ab,T2126
T3502,ab,T1426
T3503,ab,WA4CZ16841
T3507,ab,T58
T3509,ab,T1908
T3510,ab,T2081
T3512,ab,T2061
T3514,ab,T2GS1322
T3515,ab,T1507
T3299,ab,T1429
T3517,ab,T1988
T3518,ab,T10MS11185
T3522,ab,T58
T3523,ab,T58
T3524,ab,T167
T3525,ab,T58
T3526,ab,T58
T3527,ab,T58
T3528,ab,WA22950
T3529,ab,WA4CZ16844
T3530,ab,WA4CZ16844
T3531,ab,T1507
T3532,ab,P7787
T3535,ab,T569
T3017,ab,T2MS14940
T3536,ab,T2MS14940
T3537,ab,T770
T3539,ab,G3167
T3540,ab,T370
T3541,ab,T370
T3541,ab,WA4CZ16846
T3542,ab,T370
T3543,ab,WA1GS9119
T3544,ab,T370
T3545,ab,T370
T3546,ab,T370
T3547,ab,T370
T3548,ab,T370
T3549,ab,T370
T3647,ab,T370
T3648,ab,T370
T3649,ab,WA00EGS1017687
T3650,ab,WA19721
T3554,ab,WA19721
T3555,ab,T370
T3556,ab,T370
T3557,ab,WA19721
T3558,ab,WA19721
T3559,ab,WA19721
T3553,ab,WA19721
T3562,ab,WA19721
T3563,ab,WA19721
T3564,ab,WA22293
T3565,ab,WA22293
T3557,ab,WA22293
T3566,ab,WA4CZ16851
T3568,ab,WA4CZ16851
T3569,ab,WA4CZ16851
T3570,ab,WA4CZ16852
T3571,ab,WA4CZ16852
T3572,ab,WA00EGS1017687
T3573,ab,WA00EGS1017687
T3574,ab,WA4CZ16853
T3575,ab,WA00EGS1017698
T3576,ab,WA00EGS1017698
T3577,ab,WA1GS9119
T3578,ab,T370
T3579,ab,T370
T3580,ab,T370
T3581,ab,T370
T3582,ab,T370
T3583,ab,T370
T3584,ab,T370
T3585,ab,T370
T3586,ab,T370
T3588,ab,T370
T3589,ab,WA4CZ16856
T3590,ab,T370
T3591,ab,T370
T3592,ab,T370
T3593,ab,T00EGS1017686
T3594,ab,T2107
T3595,ab,T370
T3596,ab,T370
T3597,ab,T370
T3598,ab,T370
T3599,ab,T370
T3600,ab,T370
T3601,ab,T370
T3602,ab,WA4CZ16859
T3603,ab,WA4CZ16846
T3604,ab,T282
T3605,ab,T282
T3607,ab,WA14290
T3608,ab,WA14290
T3609,ab,T282
T3610,ab,T282
T3611,ab,T282
T3613,ab,WA14290
T3614,ab,T1850
T3615,ab,WA26874
T3617,ab,T966
T3618,ab,WA26874
T3619,ab,WA26874
T3612,ab,WA26874
T3621,ab,WA26874
T3622,ab,T282
T3623,ab,WA26874
T3624,ab,WA26874
T3625,ab,T282
T3626,ab,WA4CZ16867
T3627,ab,T282
T3628,ab,T282
T3629,ab,WA4CZ16869
T3630,ab,T282
T3631,ab,WA4CZ16868
T3633,ab,WA19723
T3636,ab,T204
T3637,ab,T204
T3638,ab,T206
T3639,ab,WA00EGS1016641
T3639,ab,T311
T3640,ab,T85
T3641,ab,T85
T3642,ab,T85
T3643,ab,WA4CZ16875
T3644,ab,T85
T3645,ab,WA4CZ16875
T3645,ab,T85
T3646,ab,WA4CZ16875
T3649,ab,WA4CZ16876
T3650,ab,T1906
T3651,ab,T1043
T3655,ab,T2570
T3656,ab,T1KG3981
T3660,ab,T1KG3981
T3661,ab,T1KG3981
T3662,ab,T2CZ5021
T3673,ab,T106
T3674,ab,P7599
T3676,ab,T106
T3677,ab,T106
T3678,ab,T106
T3681,ab,T1251
T3685,ab,WA4CZ16892
T3686,ab,T370
T3687,ab,WA22339
T3688,ab,T898
T3689,ab,T58
T3690,ab,T381
T3691,ab,T1078
T3692,ab,WA4CZ16768
T3693,ab,WA4CZ16796
T3694,ab,T381
T3695,ab,T1297
T3698,ab,T1129
T3699,ab,T2002
T3700,ab,T1796
T3701,ab,T313
T3702,ab,T2061
T3703,ab,T2064
T3704,ab,T2281
T3705,ab,T2586
T3706,ab,T1691
T3707,ab,T1906
T3708,ab,T313
T3709,ab,T313
T3710,ab,T313
T3711,ab,T2002
T3713,ab,T2002
T3714,ab,T2002
T3715,ab,T2002
T3716,ab,T2002
T3717,ab,WA22003
T3718,ab,T307
T3719,ab,T2002
T3731,ab,T2005
T3732,ab,T2005
T3735,ab,T386
T3736,ab,T386
T3737,ab,T386
T3738,ab,T2002
T3739,ab,T2002
T3740,ab,T2002
T3741,ab,T2002
T3742,ab,T1GS147808
T2602,ab,T2073
T3745,ab,T824
T3747,ab,T824
T3750,ab,T282
T3750,ab,WA4CZ16891
T3751,ab,WA19720
T3752,ab,T4CZ16893
T3754,ab,T1850
T3755,ab,T966
T3614,ab,WA26874
T3757,ab,T1850
T3758,ab,WA26874
T3612,ab,T282
T3620,ab,T282
T3759,ab,T282
T3760,ab,WA24169
T3761,ab,T282
T3762,ab,T2MS13793
T3766,ab,T2MS13793
T3767,ab,T85
T3768,ab,T85
T3769,ab,T85
T3770,ab,T85
T3771,ab,T1714
T3772,ab,T381
T3773,ab,WA4CZ16902
T3774,ab,T381
T3775,ab,T381
T3776,ab,T381
T3777,ab,T238
T3778,ab,T381
T3778,ab,T4CZ16806
T3779,ab,T381
T3780,ab,T282
T3782,ab,T282
T3130,ab,T170
T3785,ab,WA4CZ16838
T3786,ab,T512
T3787,ab,T2005
T3788,ab,T2005
T3789,ab,T634
T1,ge,T67
T2,ge,T67
T2,ge,T132
T3,ge,T67
T4,ge,T67
T5,ge,T132
T6,ge,T67
T7,ge,T67
T8,ge,T67
T9,ge,T67
T10,ge,T67
T11,ge,T67
T12,ge,T67
T13,ge,T67
T14,ge,T67
T15,ge,T67
T16,ge,T132
T17,ge,T67
T3052,ge,T67
T18,ge,T67
T19,ge,T67
T20,ge,T67
T21,ge,T67
T22,ge,T67
T23,ge,T67
T24,ge,T67
T26,ge,T67
T27,ge,T67
T28,ge,T67
T29,ge,T67
T30,ge,T67
T30,ge,T1760
T31,ge,T67
T32,ge,T67
T33,ge,T67
T34,ge,T67
T35,ge,T67
T35,ge,T1760
T36,ge,T132
T37,ge,T67
T37,ge,T1760
T38,ge,T67
T39,ge,T132
T40,ge,T67
T41,ge,T67
T42,ge,T67
T43,ge,T67
T3053,ge,T67
T44,ge,T67
T45,ge,T132
T46,ge,T67
T47,ge,T67
T48,ge,T67
T49,ge,T132
T50,ge,T67
T51,ge,T67
T52,ge,T132
T53,ge,T67
T54,ge,T67
T57,ge,T67
T58,ge,T67
T59,ge,T67
T60,ge,T67
T3056,ge,T67
T2843,ge,T67
T3057,ge,T67
T3043,ge,T67
T3058,ge,T67
T3058,ge,T1342
T3059,ge,T67
T310,ge,T132
T311,ge,T1491
T312,ge,T61
T313,ge,T132
T314,ge,T132
T315,ge,T1491
T316,ge,T132
T317,ge,T132
T318,ge,T132
T319,ge,T132
T321,ge,T132
T320,ge,T1491
T322,ge,T1491
T323,ge,T132
T323,ge,T2398
T324,ge,T1491
T325,ge,T132
T326,ge,T1491
T327,ge,T132
T328,ge,T132
T329,ge,T132
T330,ge,T132
T331,ge,T132
T332,ge,T132
T333,ge,T132
T334,ge,T132
T335,ge,T132
T336,ge,T132
T337,ge,T132
T338,ge,T132
T339,ge,T132
T340,ge,T132
T341,ge,T132
T342,ge,T132
T344,ge,T132
T3060,ge,T132
T345,ge,T132
T346,ge,T132
T347,ge,T1
T348,ge,T159
T349,ge,T613
T350,ge,T1362
T351,ge,T67
T217,ge,T8
T353,ge,T336
T354,ge,T67
T355,ge,T1
T356,ge,T1
T357,ge,T8
T358,ge,T632
T359,ge,T613
T156,ge,T330
T361,ge,T1
T362,ge,T132
T363,ge,T1
T364,ge,T1
T365,ge,T1
T366,ge,T1
T368,ge,T1
T369,ge,T159
T370,ge,T1720
T371,ge,T1
T372,ge,T1
T373,ge,T1
T374,ge,T1
T375,ge,T1
T376,ge,T132
T377,ge,T1
T379,ge,T1
T380,ge,T1
T381,ge,T1
T382,ge,T1
T383,ge,T159
T384,ge,T978
T385,ge,T8
T386,ge,T1028
T387,ge,T330
T388,ge,T818
T389,ge,T810
T390,ge,T159
T390,ge,T132
T391,ge,T1480
T419,ge,T159
T420,ge,T1
T421,ge,T1
T422,ge,T132
T422,ge,T456
T424,ge,T1
T425,ge,T48
T392,ge,T159
T394,ge,T48
T395,ge,T159
T396,ge,T1893
T396,ge,T4CZ15086
T397,ge,T456
T398,ge,T1
T399,ge,T5
T400,ge,T225
T401,ge,T1015
T402,ge,T1
T403,ge,T1458
T404,ge,T978
T405,ge,T1
T408,ge,T1458
T409,ge,T1458
T410,ge,T1458
T412,ge,T969
T413,ge,T1
T414,ge,T1
T416,ge,T1
T417,ge,T1
T426,ge,T159
T427,ge,T1
T428,ge,T170
T429,ge,T170
T430,ge,T1458
T431,ge,T1
T432,ge,T456
T433,ge,T8
T434,ge,T67
T435,ge,T1
T436,ge,T1
T437,ge,T67
T438,ge,T1
T439,ge,T1
T440,ge,T1
T441,ge,T1
T442,ge,T1
T443,ge,T159
T445,ge,T1559
T446,ge,T1
T447,ge,T456
T448,ge,T67
T449,ge,T1
T450,ge,T1
T451,ge,T1
T453,ge,T1
T454,ge,T1
T358,ge,T1029
T456,ge,T1
T457,ge,T1
T459,ge,T1
T460,ge,T978
T461,ge,T978
T462,ge,T978
T463,ge,T1
T464,ge,T1
T465,ge,T1
T466,ge,T1
T467,ge,T8
T468,ge,T456
T469,ge,T456
T470,ge,T1
T471,ge,T157
T473,ge,T932
T474,ge,T1
T475,ge,T1
T476,ge,T1246
T474,ge,T1246
T3061,ge,T132
T64,ge,T132
T65,ge,T132
T65,ge,T1
T66,ge,T132
T67,ge,T1491
T68,ge,T132
T69,ge,T132
T69,ge,T2398
T70,ge,T132
T70,ge,T1029
T71,ge,T1491
T72,ge,T132
T72,ge,T4CZ15086
T73,ge,T132
T73,ge,T1
T74,ge,T132
T74,ge,T1
T75,ge,T1
T76,ge,T159
T77,ge,T159
T78,ge,T1
T79,ge,T1
T3062,ge,T1
T80,ge,T2552
T81,ge,T1
T82,ge,T456
T84,ge,T132
T85,ge,T613
T86,ge,T1
T87,ge,T1801
T88,ge,T132
T88,ge,T456
T89,ge,T1491
T90,ge,T132
T90,ge,T456
T91,ge,T132
T92,ge,T1428
T93,ge,T132
T3063,ge,T1
T94,ge,T4CZ15589
T95,ge,T1900
T96,ge,T67
T97,ge,T1433
T98,ge,T1
T99,ge,T456
T99,ge,T203
T101,ge,T456
T101,ge,T203
T102,ge,T132
T103,ge,T132
T103,ge,T1446
T106,ge,T2398
T107,ge,T1491
T108,ge,T1028
T109,ge,T330
T110,ge,T8
T111,ge,T132
T111,ge,T2398
T112,ge,T132
T113,ge,T61
T114,ge,T132
T115,ge,T132
T116,ge,T132
T116,ge,T5
T118,ge,T132
T118,ge,T1KG3171
T117,ge,T61
T119,ge,T1491
T120,ge,T1491
T121,ge,T1491
T122,ge,T1491
T123,ge,T132
T124,ge,T132
T125,ge,T132
T126,ge,T132
T127,ge,T132
T127,ge,T2349
T129,ge,T61
T130,ge,T132
T131,ge,T61
T133,ge,T132
T132,ge,T1491
T134,ge,T132
T136,ge,T132
T137,ge,T1491
T138,ge,T1491
T139,ge,T132
T140,ge,T132
T141,ge,T132
T142,ge,T67
T143,ge,T1
T144,ge,T5
T147,ge,T67
T145,ge,T1
T146,ge,T159
T148,ge,T48
T149,ge,T1
T150,ge,T163
T151,ge,T552
T152,ge,T132
T153,ge,T1
T154,ge,T1
T155,ge,T1
T157,ge,T67
T158,ge,T67
T159,ge,T67
T160,ge,T1
T161,ge,T159
T162,ge,T1
T163,ge,T159
T165,ge,T8
T166,ge,T132
T3064,ge,T132
T167,ge,T132
T168,ge,T132
T168,ge,T2179
T169,ge,T132
T170,ge,T1
T171,ge,T1
T172,ge,T849
T173,ge,T1
T175,ge,T1044
T176,ge,T1044
T177,ge,T5
T179,ge,T1
T181,ge,T1
T182,ge,T132
T183,ge,T529
T184,ge,T1458
T185,ge,T4CZ15132
T186,ge,T159
T187,ge,T48
T193,ge,T1
T194,ge,T1
T188,ge,T8
T189,ge,T416
T190,ge,T1015
T191,ge,T1
T192,ge,T159
T195,ge,T1
T196,ge,T1689
T197,ge,T1
T198,ge,T132
T199,ge,T1
T202,ge,T456
T2624,ge,T48
T203,ge,T1028
T3065,ge,T1
T204,ge,T159
T205,ge,T5
T206,ge,T1
T207,ge,T5
T1812086,ge,T1
T209,ge,T4CZ2184
T210,ge,T132
T211,ge,T4CZ2184
T212,ge,T132
T213,ge,T5
T214,ge,T157
T215,ge,T1044
T216,ge,T1
T218,ge,T1
T219,ge,T151
T220,ge,T132
T220,ge,T2398
T221,ge,T132
T222,ge,T132
T222,ge,T456
T223,ge,T132
T223,ge,T456
T224,ge,T5
T225,ge,T132
T226,ge,T159
T3066,ge,T1491
T227,ge,T159
T229,ge,T456
T230,ge,T1
T231,ge,T1
T232,ge,T1CZ49
T233,ge,T1458
T234,ge,T1458
T242,ge,T67
T235,ge,T48
T236,ge,T8
T237,ge,T1559
T2622,ge,T1
T3067,ge,T1
T3068,ge,T1
T3069,ge,T1
T238,ge,T2MS13267
T239,ge,T67
T240,ge,T67
T241,ge,T67
T244,ge,T849
T245,ge,T157
T246,ge,T48
T247,ge,T1
T249,ge,T159
T286,ge,T1
T3071,ge,T1
T3072,ge,T529
T252,ge,T1
T253,ge,T1
T254,ge,T1044
T255,ge,T1
T256,ge,T1
T257,ge,T1
T258,ge,T1
T259,ge,T1
T260,ge,T1
T261,ge,T1
T262,ge,T1
T263,ge,T1
T264,ge,T8
T265,ge,T1
T266,ge,T1
T267,ge,T1
T268,ge,T1
T269,ge,T1
T271,ge,T48
T272,ge,T330
T273,ge,T330
T274,ge,T2398
T275,ge,T529
T276,ge,T1
T277,ge,T132
T279,ge,T1
T281,ge,T1
T282,ge,T67
T283,ge,T8
T284,ge,T8
T285,ge,T416
T289,ge,T1
T266,ge,T416
T291,ge,T1
T294,ge,T5
T295,ge,T159
T296,ge,T1
T297,ge,T1
T298,ge,T67
T299,ge,T132
T299,ge,T1
T300,ge,T1GS110789
T302,ge,T1
T303,ge,T1
T304,ge,T1
T306,ge,T67
T307,ge,T1
T3073,ge,T8
T3074,ge,T1799
T3075,ge,T00KG02658
T3076,ge,T1458
T3077,ge,T4CZ15132
T2680,ge,T00KG02658
T2681,ge,T67
T2679,ge,T1
T478,ge,T132
T479,ge,T61
T480,ge,T132
T481,ge,T1
T482,ge,T1
T483,ge,T1
T484,ge,T159
T486,ge,T529
T487,ge,T1
T488,ge,T8
T489,ge,T1
T491,ge,T1
T492,ge,T132
T493,ge,T132
T494,ge,T1491
T495,ge,T132
T496,ge,T132
T497,ge,T1491
T498,ge,T1
T499,ge,T1
T500,ge,T1
T501,ge,T1
T502,ge,T1
T503,ge,T67
T504,ge,T456
T505,ge,T132
T506,ge,T1
T507,ge,T1
T508,ge,T159
T509,ge,T225
T510,ge,T67
T511,ge,T67
T512,ge,T1870
T513,ge,T1467
T514,ge,T163
T515,ge,T1
T516,ge,T159
T517,ge,T159
T518,ge,T1
T519,ge,T978
T521,ge,T1491
T522,ge,T132
T522,ge,T1029
T523,ge,T132
T524,ge,T132
T525,ge,T1491
T526,ge,T132
T527,ge,T1
T528,ge,T1720
T529,ge,T159
T530,ge,T1
T531,ge,T61
T532,ge,T132
T533,ge,T132
T534,ge,T61
T535,ge,T1491
T536,ge,T61
T538,ge,T61
T537,ge,T61
T539,ge,T61
T540,ge,T61
T541,ge,T61
T542,ge,T159
T543,ge,T159
T544,ge,T330
T545,ge,T1
T546,ge,T1
T547,ge,T1
T548,ge,T132
T549,ge,T159
T549,ge,T132
T550,ge,T1
T551,ge,T159
T553,ge,T1
T554,ge,T1
T555,ge,T1
T556,ge,T1
T557,ge,T1
T558,ge,T1
T559,ge,T1
T560,ge,T1
T561,ge,T1
T563,ge,T67
T564,ge,T67
T565,ge,T67
T562,ge,T67
T566,ge,T67
T567,ge,T67
T3079,ge,T456
T568,ge,T1
T569,ge,T1249
T570,ge,T67
T571,ge,T2602
T572,ge,T1
T573,ge,T846
T574,ge,T67
T575,ge,T1
T576,ge,T1
T577,ge,T1
T578,ge,T5
T662,ge,T5
T580,ge,T159
T581,ge,T1
T582,ge,T1
T583,ge,T1458
T584,ge,T529
T585,ge,T132
T587,ge,T67
T588,ge,T67
T589,ge,T323
T590,ge,T529
T591,ge,T1
T592,ge,T541
T593,ge,T1
T594,ge,T1
T595,ge,T67
T596,ge,T67
T597,ge,T1
T598,ge,T1
T3080,ge,T1
T599,ge,T1
T600,ge,T1458
T601,ge,T1
T602,ge,T1
T603,ge,T1
T604,ge,T1044
T605,ge,T1
T606,ge,T1
T608,ge,T1
T609,ge,T1458
T610,ge,T00KG02658
T611,ge,T1465
T612,ge,T1
T613,ge,T1
T614,ge,T1
T615,ge,T1
T616,ge,T132
T616,ge,T456
T617,ge,T1234
T618,ge,T613
T620,ge,T456
T621,ge,T826
T622,ge,T1
T623,ge,T159
T2897,ge,T132
T624,ge,T132
T625,ge,T159
T625,ge,T132
T626,ge,T8
T3081,ge,T5
T3082,ge,T61
T627,ge,T1
T628,ge,T1
T629,ge,T1094
T628,ge,T1094
T631,ge,T1094
T632,ge,T48
T633,ge,T1
T634,ge,T170
T635,ge,T1
T636,ge,T456
T3083,ge,T7
T3084,ge,T1
T637,ge,T1
T638,ge,T1
T639,ge,T1CZ49
T640,ge,T67
T642,ge,T67
T643,ge,T1CZ49
T644,ge,T1CZ49
T646,ge,T1CZ49
T647,ge,T1
T2889,ge,T5
T2890,ge,T5
T648,ge,T132
T650,ge,T132
T651,ge,T132
T652,ge,T132
T653,ge,T132
T654,ge,T132
T655,ge,T132
T656,ge,T132
T656,ge,T89
T657,ge,T132
T3085,ge,T132
T658,ge,T132
T659,ge,T132
T660,ge,T132
T661,ge,T164
T662,ge,T159
T663,ge,T4CZ15086
T664,ge,T2064
T665,ge,T2064
T666,ge,T1562
T667,ge,T1CZ56
T668,ge,T4CZ15086
T671,ge,T978
T672,ge,T163
T673,ge,T1CZ56
T674,ge,T159
T675,ge,T4CZ15086
T676,ge,T4CZ15086
T690,ge,T1562
T500,ge,T312
T678,ge,T132
T679,ge,T1
T680,ge,T132
T681,ge,T48
T682,ge,T159
T683,ge,T529
T685,ge,T1028
T686,ge,T238
T217,ge,T1458
T217,ge,T132
T691,ge,T132
T692,ge,T67
T693,ge,T1029
T698,ge,T1491
T699,ge,T132
T700,ge,T1491
T701,ge,T132
T702,ge,T132
T702,ge,T1029
T703,ge,T132
T703,ge,T1029
T2790,ge,T1491
T694,ge,T67
T695,ge,T1491
T3086,ge,T61
T696,ge,T132
T696,ge,T1029
T697,ge,T1491
T704,ge,T132
T705,ge,T132
T706,ge,T132
T706,ge,T456
T707,ge,T132
T708,ge,T132
T709,ge,T132
T710,ge,T132
T711,ge,T132
T712,ge,T132
T713,ge,T132
T714,ge,T132
T715,ge,T132
T717,ge,T132
T718,ge,T132
T719,ge,T132
T719,ge,T1
T720,ge,T132
T721,ge,T132
T722,ge,T1029
T723,ge,T1
T726,ge,T1029
T662,ge,T132
T728,ge,T132
T729,ge,T132
T730,ge,T132
T731,ge,T132
T732,ge,T61
T733,ge,T132
T735,ge,T61
T736,ge,T1
T737,ge,T4CZ15086
T738,ge,T1458
T739,ge,T1
T740,ge,T132
T741,ge,T2552
T742,ge,T1
T744,ge,T5
T745,ge,T159
T746,ge,T1
T747,ge,T1
T748,ge,T1
T214,ge,T4CZ15086
T750,ge,T48
T751,ge,T932
T752,ge,T1
T753,ge,T132
T753,ge,T1029
T754,ge,T1
T755,ge,T1
T756,ge,T1
T757,ge,T67
T358,ge,T968
T759,ge,T1028
T760,ge,T1
T761,ge,T1458
T762,ge,T48
T762,ge,T4CZ15086
T80,ge,T132
T765,ge,T529
T766,ge,T1GS10764
T3087,ge,T1028
T770,ge,T132
T770,ge,T977
T769,ge,T132
T769,ge,T529
T771,ge,T61
T772,ge,T132
T772,ge,T456
T773,ge,T132
T773,ge,T1
T774,ge,T61
T775,ge,T1
T776,ge,T132
T777,ge,T132
T777,ge,T456
T778,ge,T61
T779,ge,T1491
T780,ge,T1491
T781,ge,T1491
T782,ge,T132
T782,ge,T5
T783,ge,T1491
T784,ge,T1491
T785,ge,T1
T786,ge,T1
T787,ge,T67
T788,ge,T159
T790,ge,T1408
T791,ge,T1
T793,ge,T1
T794,ge,T1
T795,ge,T159
T797,ge,T1
T801,ge,T5
T802,ge,T1
T803,ge,T1
T804,ge,T1
T805,ge,T1
T806,ge,T1
T807,ge,T1
T808,ge,T1
T809,ge,T529
T810,ge,T1
T811,ge,T1
T812,ge,T1
T813,ge,T1
T814,ge,T1
T816,ge,T159
T817,ge,T977
T818,ge,T978
T3088,ge,T416
T2817,ge,T1
T820,ge,T5
T821,ge,T977
T822,ge,T1
T823,ge,T1
T824,ge,T1
T825,ge,T1
T826,ge,T898
T827,ge,T8
T828,ge,T1
T829,ge,T4CZ15132
T830,ge,T67
T831,ge,T67
T833,ge,T1491
T834,ge,T132
T834,ge,T1029
T835,ge,T132
T835,ge,T1029
T836,ge,T1491
T3089,ge,T1491
T837,ge,T1
T838,ge,T1
T839,ge,T1
T840,ge,T151
T842,ge,T1
T2808,ge,T00KG02669
T1108,ge,T67
T2803,ge,T159
T3090,ge,T1CZ4665
T2823,ge,T1
T2824,ge,T1
T2825,ge,T1
T2826,ge,T1
T2818,ge,T529
T846,ge,T1
T847,ge,T330
T848,ge,T1
T849,ge,T8
T850,ge,T1
T852,ge,T1458
T853,ge,T2376
T854,ge,T1799
T856,ge,T1
T857,ge,T866
T858,ge,T276
T859,ge,T969
T860,ge,T1
T862,ge,T67
T861,ge,T67
T865,ge,T67
T867,ge,T159
T866,ge,T2121
T869,ge,T1
T870,ge,T1
T873,ge,T1
T872,ge,T1
T874,ge,T1044
T875,ge,T456
T876,ge,T1
T877,ge,T288
T878,ge,T1
T879,ge,T159
T880,ge,T1559
T882,ge,T1362
T883,ge,T529
T884,ge,T1
T885,ge,T1458
T887,ge,T5
T888,ge,T1029
T889,ge,T398
T890,ge,T1
T891,ge,T163
T892,ge,T456
T893,ge,T1044
T894,ge,T1044
T895,ge,T1
T896,ge,T15
T897,ge,T15
T898,ge,T1417
T899,ge,T2GS1319
T900,ge,T00KG02658
T902,ge,T627
T903,ge,T1
T912,ge,T1
T913,ge,T1
T914,ge,T1
T915,ge,T1
T904,ge,T1
T905,ge,T1
T906,ge,T1
T907,ge,T1
T908,ge,T1
T909,ge,T1
T910,ge,T1
T911,ge,T1
T916,ge,T1
T917,ge,T1
T918,ge,T1
T919,ge,T1
T920,ge,T1
T921,ge,T1
T922,ge,T1
T923,ge,T1
T924,ge,T1
T925,ge,T1
T926,ge,T1
T927,ge,T1
T928,ge,T1
T929,ge,T1
T930,ge,T1
T931,ge,T1
T932,ge,T1
T933,ge,T1
T934,ge,T1
T935,ge,T1
T936,ge,T1
T937,ge,T1
T938,ge,T1
T939,ge,T1
T2809,ge,T1
T2810,ge,T1044
T2811,ge,T1988
T2819,ge,T1
T2819,ge,T170
T2820,ge,T895
T2821,ge,T159
T3091,ge,T132
T1363,ge,T132
T940,ge,T132
T941,ge,T132
T942,ge,T132
T943,ge,T132
T945,ge,T132
T945,ge,T5
T946,ge,T132
T946,ge,T969
T944,ge,T132
T944,ge,T5
T949,ge,T132
T949,ge,T627
T951,ge,T1988
T952,ge,T1988
T953,ge,T325
T954,ge,T325
T955,ge,T1
T956,ge,T613
T957,ge,T132
T958,ge,T1
T959,ge,T1
T960,ge,T159
T961,ge,T613
T962,ge,T613
T962,ge,T4CZ2184
T963,ge,T895
T512,ge,T132
T512,ge,T810
T966,ge,T978
T967,ge,T1015
T968,ge,T1028
T970,ge,T1AT414
T971,ge,T1362
T972,ge,T159
T973,ge,T1
T974,ge,T1
T976,ge,T1
T977,ge,T23
T978,ge,T67
T979,ge,T4CZ2184
T980,ge,T4CZ2184
T981,ge,T1
T982,ge,T1
T983,ge,T1
T984,ge,T1029
T985,ge,T7
T985,ge,T1246
T986,ge,T7
T986,ge,T00JR140
T985,ge,T1
T988,ge,T1
T2837,ge,T157
T3092,ge,T1
T992,ge,T159
T994,ge,T1
T991,ge,T1
T993,ge,T8
T989,ge,T1
T990,ge,T159
T995,ge,T132
T996,ge,T453
T997,ge,T1
T998,ge,T1
T999,ge,T1206
T1000,ge,T1
T1001,ge,T1
T1002,ge,T1458
T1003,ge,T1
T1004,ge,T1
T1005,ge,T529
T1006,ge,T1206
T1007,ge,T1206
T1008,ge,T8
T1010,ge,T159
T1011,ge,T94
T1012,ge,T67
T1013,ge,T2281
T1014,ge,T132
T1015,ge,T132
T1015,ge,T1
T3093,ge,T1
T1016,ge,T1
T1019,ge,T33
T1020,ge,T398
T1021,ge,T2552
T1022,ge,T1458
T156,ge,T937
T3094,ge,T8
T1025,ge,T8
T1026,ge,T1362
T1027,ge,T159
T1028,ge,T132
T1029,ge,T1
T3095,ge,T1
T3095,ge,T933
T1030,ge,T1254
T1031,ge,T1
T1032,ge,T159
T1033,ge,T1
T1035,ge,T1
T1036,ge,T1
T1037,ge,T867
T1038,ge,T8
T1039,ge,T1237
T1040,ge,T1
T1041,ge,T1
T1042,ge,T159
T1043,ge,T132
T1044,ge,T67
T1045,ge,T132
T1046,ge,T132
T1047,ge,T1
T1048,ge,T159
T1049,ge,T1
T1050,ge,T1028
T1051,ge,T170
T1052,ge,T336
T1053,ge,T1
T1055,ge,T132
T1056,ge,T61
T1054,ge,T132
T1058,ge,T1
T1059,ge,T132
T1060,ge,T1CZ56
T1061,ge,T1CZ56
T1062,ge,T1
T1063,ge,T1
T1064,ge,T456
T1065,ge,T1CZ56
T1066,ge,T61
T1067,ge,T4CZ2184
T1068,ge,T1CZ56
T1069,ge,T1CZ56
T1070,ge,T2398
T1071,ge,T1CZ56
T1072,ge,T456
T1073,ge,T1029
T1074,ge,T1491
T1075,ge,T1029
T1076,ge,T1029
T1077,ge,T1029
T1078,ge,T1029
T1079,ge,T1029
T1080,ge,T1029
T1082,ge,T1029
T1083,ge,T1029
T1084,ge,T1029
T1086,ge,T61
T1087,ge,T61
T1088,ge,T61
T1089,ge,T1029
T1090,ge,T2398
T1091,ge,T2398
T1091,ge,T4CZ2184
T1092,ge,T1029
T1093,ge,T2398
T1094,ge,T2398
T1095,ge,T1029
T1096,ge,T157
T1097,ge,T1491
T1098,ge,T132
T1099,ge,T4CZ2184
T1100,ge,T1491
T1101,ge,T132
T1102,ge,T1491
T1103,ge,T132
T1106,ge,T613
T1107,ge,T132
T1108,ge,T613
T1109,ge,T4CZ2184
T1110,ge,T4CZ2184
T1111,ge,T132
T1112,ge,T4CZ2184
T1113,ge,T132
T1113,ge,T1029
T1119,ge,T132
T1114,ge,T4CZ2184
T1115,ge,T4CZ2184
T1116,ge,T4CZ2184
T1117,ge,T4CZ2184
T1118,ge,T456
T1120,ge,T1343
T1121,ge,T456
T1122,ge,T4CZ2184
T1123,ge,T456
T1124,ge,T1343
T1125,ge,T4CZ15086
T1129,ge,T4CZ2184
T1127,ge,T4CZ2184
T1126,ge,T4CZ2184
T1128,ge,T4CZ2184
T1130,ge,T1029
T1132,ge,T456
T1133,ge,T613
T1134,ge,T4CZ2184
T1135,ge,T4CZ2184
T1139,ge,T4CZ2184
T1139,ge,T1043
T1140,ge,T132
T1141,ge,T4CZ2184
T1142,ge,T456
T1143,ge,T2397
T1144,ge,T58
T1145,ge,T4CZ15086
T1145,ge,T4CZ2184
T1147,ge,T1246
T1148,ge,T132
T1127,ge,T3CZ1478
T1150,ge,T132
T1131,ge,T456
T3096,ge,T2398
T2634,ge,T1428
T1151,ge,T58
T1152,ge,T4CZ2184
T1153,ge,T1029
T1154,ge,T1029
T1155,ge,T1029
T1156,ge,T1029
T1157,ge,T1029
T1158,ge,T1029
T1159,ge,T1029
T1159,ge,T2064
T1160,ge,T1029
T1161,ge,T1029
T795,ge,T977
T1163,ge,T456
T1164,ge,T1
T1165,ge,T1
T1167,ge,T1
T2629,ge,T456
T3097,ge,T58
T3098,ge,T58
T2789,ge,T2398
T2694,ge,T238
T2695,ge,T61
T3099,ge,T27
T3100,ge,T456
T2631,ge,T613
T3101,ge,T1029
T3102,ge,T1029
T1168,ge,T4CZ2184
T1169,ge,T3CZ1478
T1170,ge,T4CZ2184
T1171,ge,T4CZ2184
T1172,ge,T4CZ2184
T1173,ge,T4CZ2184
T1174,ge,T4CZ2184
T1175,ge,T4CZ2184
T1176,ge,T4CZ2184
T1177,ge,T4CZ2184
T1178,ge,T4CZ2184
T1179,ge,T4CZ2184
T1180,ge,T4CZ2184
T1181,ge,T4CZ2184
T1183,ge,T4CZ2184
T1184,ge,T4CZ2184
T1185,ge,T4CZ2184
T1186,ge,T4CZ2184
T1188,ge,T4CZ2184
T1189,ge,T4CZ2184
T1192,ge,T4CZ2184
T1193,ge,T4CZ2184
T1194,ge,T4CZ2184
T1195,ge,T4CZ2184
T1196,ge,T4CZ2184
T1197,ge,T4CZ2184
T1198,ge,T4CZ2184
T1199,ge,T4CZ2184
T1200,ge,T4CZ2184
T1201,ge,T4CZ2184
T1216,ge,T541
T1217,ge,T456
T1218,ge,T1249
T1220,ge,T163
T1221,ge,T541
T1222,ge,T456
T1223,ge,T456
T1224,ge,T1
T1225,ge,T1
T1226,ge,T1249
T1227,ge,T1029
T1228,ge,T58
T1229,ge,T541
T1230,ge,T1964
T1231,ge,T456
T1232,ge,T456
T1233,ge,T456
T1233,ge,T1428
T1234,ge,T1029
T1235,ge,T1428
T1236,ge,T58
T1237,ge,T1246
T1238,ge,T456
T1239,ge,T00JR2544
T1240,ge,T1246
T1241,ge,T00JR2544
T1242,ge,T1249
T1243,ge,T1546
T1244,ge,T456
T1246,ge,T1249
T1247,ge,T1068
T1248,ge,T1234
T1250,ge,T1538
T1251,ge,T456
T1252,ge,T1029
T1253,ge,T541
T1254,ge,T456
T1255,ge,T1CZ20
T1256,ge,T1249
T1257,ge,T1546
T1258,ge,T1249
T1259,ge,T1249
T1260,ge,T1249
T1261,ge,T613
T1262,ge,T1CZ20
T1263,ge,T1249
T1264,ge,T1120
T1265,ge,T941
T1202,ge,T3CZ1478
T1203,ge,T2072
T1204,ge,T541
T1205,ge,T381
T1206,ge,T381
T1208,ge,T381
T1209,ge,T381
T1210,ge,T381
T1211,ge,T381
T1212,ge,T381
T1213,ge,T381
T1215,ge,T381
T1266,ge,T541
T1267,ge,T613
T1268,ge,T6
T1269,ge,T6
T1270,ge,T6
T1271,ge,T6
T1272,ge,T199
T1273,ge,T6
T1274,ge,T613
T1275,ge,T4CZ2184
T1276,ge,T4CZ2184
T1277,ge,T6
T1278,ge,T6
T1279,ge,T199
T1280,ge,T4CZ2184
T1281,ge,T4CZ2184
T1282,ge,T14
T1283,ge,T2038
T1284,ge,T613
T1285,ge,T323
T1286,ge,T58
T1287,ge,T58
T1288,ge,T932
T1289,ge,T238
T1290,ge,T456
T1291,ge,T456
T1292,ge,T456
T1293,ge,T456
T1294,ge,T58
T1295,ge,T4CZ2184
T1296,ge,T613
T1297,ge,T48
T1298,ge,T003JR156
T1299,ge,T58
T3103,ge,T157
T3104,ge,T456
T1300,ge,T157
T1301,ge,T157
T1302,ge,T1503
T1303,ge,T1503
T1304,ge,T1503
T1305,ge,T1503
T1306,ge,T1503
T1308,ge,T336
T1309,ge,T4CZ15589
T1310,ge,T132
T1311,ge,T132
T1312,ge,T132
T1313,ge,T132
T1315,ge,T1
T156,ge,T977
T1319,ge,T330
T1320,ge,T330
T1321,ge,T1028
T3105,ge,T1028
T3106,ge,T1GS10764
T3107,ge,T1029
T1322,ge,T2016
T1323,ge,T1029
T1324,ge,T132
T1325,ge,T132
T1326,ge,T1CZ56
T1327,ge,T1311
T1328,ge,T132
T1329,ge,T1311
T1330,ge,T1311
T1331,ge,T132
T1332,ge,T132
T1333,ge,T132
T1334,ge,T132
T1335,ge,T132
T1336,ge,T1491
T1337,ge,T132
T1338,ge,T159
T1339,ge,T1
T1340,ge,T1
T1341,ge,T159
T1342,ge,T159
T406,ge,T977
T1346,ge,T977
T1345,ge,T1
T217,ge,T977
T1348,ge,T159
T3108,ge,T8
T1350,ge,T1028
T1351,ge,T159
T1352,ge,T159
T1353,ge,T157
T1354,ge,T132
T1355,ge,T132
T1356,ge,T132
T1357,ge,T132
T1358,ge,T132
T1360,ge,T132
T1361,ge,T132
T2830,ge,T1491
T1365,ge,T1491
T1366,ge,T159
T1366,ge,T132
T1367,ge,T1
T1367,ge,T159
T1367,ge,T132
T1368,ge,T159
T1368,ge,T132
T1374,ge,T132
T1374,ge,T895
T1375,ge,T132
T1375,ge,T1459
T1376,ge,T132
T1376,ge,T1GS124889
T1377,ge,T132
T1377,ge,T1720
T1378,ge,T132
T1378,ge,T1362
T1379,ge,T132
T1379,ge,T2356
T1380,ge,T132
T1380,ge,T932
T1381,ge,T132
T1381,ge,T637
T1382,ge,T132
T1382,ge,T23
T1383,ge,T132
T1383,ge,T1249
T1383,ge,T2061
T1384,ge,T132
T1384,ge,T1249
T1384,ge,T210
T1385,ge,T132
T1385,ge,T393
T1386,ge,T132
T1386,ge,T1297
T1387,ge,T132
T1387,ge,T338
T1388,ge,T132
T1388,ge,T2064
T1389,ge,T132
T1389,ge,T4CZ15473
T1390,ge,T132
T1390,ge,T877
T1391,ge,T132
T1391,ge,T1249
T1392,ge,T132
T1392,ge,T1249
T1393,ge,T132
T1393,ge,T1249
T1394,ge,T132
T1394,ge,T1015
T1395,ge,T8
T1395,ge,T132
T1396,ge,T132
T1396,ge,T1988
T1397,ge,T1
T1398,ge,T132
T1398,ge,T1
T1399,ge,T132
T1399,ge,T1028
T1400,ge,T132
T1400,ge,T1408
T1401,ge,T132
T1401,ge,T810
T1402,ge,T132
T1402,ge,T810
T1403,ge,T132
T1403,ge,T810
T1404,ge,T132
T1404,ge,T1249
T958,ge,T132
T1406,ge,T132
T1406,ge,T1246
T1407,ge,T8
T1407,ge,T132
T1408,ge,T159
T1408,ge,T132
T1409,ge,T132
T1409,ge,T1028
T1410,ge,T132
T1411,ge,T132
T1411,ge,T1311
T406,ge,T132
T406,ge,T1028
T1413,ge,T1
T1414,ge,T529
T1415,ge,T159
T1416,ge,T159
T1417,ge,T132
T1417,ge,T1249
T1418,ge,T132
T1418,ge,T1
T1419,ge,T132
T1420,ge,T132
T1420,ge,T2176
T1422,ge,T132
T1422,ge,T1
T1423,ge,T132
T1423,ge,T898
T1425,ge,T159
T1425,ge,T132
T1427,ge,T159
T1427,ge,T132
T1428,ge,T1
T1429,ge,T8
T1430,ge,T1
T1431,ge,T818
T1433,ge,T1
T1435,ge,T1
T1437,ge,T1
T1438,ge,T2517
T1439,ge,T1
T1440,ge,T1
T1441,ge,T1
T1442,ge,T1
T1443,ge,T132
T1443,ge,T1016
T1444,ge,T1
T1447,ge,T67
T1447,ge,T132
T1447,ge,T80
T409,ge,T132
T409,ge,T170
T1449,ge,T132
T1450,ge,T1488
T1451,ge,T132
T3110,ge,T132
T1453,ge,T132
T1454,ge,T132
T1455,ge,T1029
T1456,ge,T1
T1457,ge,T159
T1458,ge,T978
T3111,ge,T810
T3112,ge,T159
T1459,ge,T159
T1460,ge,T159
T1461,ge,T159
T3113,ge,T1491
T1462,ge,T977
T1463,ge,T1
T1464,ge,T1
T1465,ge,T1
T1466,ge,T1029
T1467,ge,T159
T1468,ge,T159
T1469,ge,T1028
T1470,ge,T132
T1471,ge,T977
T1473,ge,T323
T1474,ge,T895
T1475,ge,T977
T1476,ge,T1
T1477,ge,T1
T1478,ge,T1
T1479,ge,T1
T1480,ge,T1
T1481,ge,T1
T2242,ge,T1
T2753,ge,T1
T1485,ge,T132
T1485,ge,T2398
T1486,ge,T132
T1487,ge,T529
T1488,ge,T1
T1490,ge,T1
T1491,ge,T159
T1492,ge,T8
T1492,ge,T132
T1493,ge,T132
T1494,ge,T1029
T1495,ge,T132
T1495,ge,T2398
T1496,ge,T132
T1496,ge,T1446
T1497,ge,T132
T1497,ge,T2398
T1498,ge,T132
T1499,ge,T132
T1500,ge,T132
T3114,ge,T159
T1501,ge,T132
T1501,ge,T1029
T1502,ge,T61
T1503,ge,T132
T1504,ge,T61
T1505,ge,T132
T1507,ge,T132
T1757,ge,T132
T1508,ge,T132
T1508,ge,T456
T1509,ge,T132
T1510,ge,T132
T1511,ge,T132
T1512,ge,T132
T1513,ge,T132
T1514,ge,T132
T1515,ge,T132
T1516,ge,T132
T1517,ge,T61
T1518,ge,T132
T1519,ge,T132
T1520,ge,T1
T1521,ge,T67
T1522,ge,T1
T1523,ge,T977
T1524,ge,T1
T1526,ge,T1
T2831,ge,T1
T1527,ge,T1
T1528,ge,T456
T1529,ge,T67
T1530,ge,T67
T1531,ge,T67
T1534,ge,T67
T1535,ge,T67
T1536,ge,T1
T1537,ge,T1
T3115,ge,T529
T1538,ge,T1
T2833,ge,T67
T1539,ge,T529
T1540,ge,T67
T1542,ge,T67
T1541,ge,T67
T1543,ge,T67
T3116,ge,T67
T1545,ge,T67
T2842,ge,T1
T1546,ge,T67
T1548,ge,T67
T1549,ge,T67
T1550,ge,T67
T1547,ge,T67
T1551,ge,T67
T1552,ge,T67
T1554,ge,T1
T1556,ge,T1
T3117,ge,T67
T1561,ge,T1
T1562,ge,T1
T1563,ge,T1
T1564,ge,T1249
T1565,ge,T1249
T1566,ge,T1
T1567,ge,T1
T1568,ge,T1
T1569,ge,T1
T1570,ge,T1249
T1571,ge,T1
T1572,ge,T613
T1573,ge,T1
T1574,ge,T1
T1575,ge,T1
T1576,ge,T1
T1577,ge,T1
T1578,ge,T1
T1579,ge,T1
T1580,ge,T1
T1581,ge,T1
T1582,ge,T1
T1583,ge,T1
T1584,ge,T1
T1585,ge,T1458
T1586,ge,T1362
T1587,ge,T529
T1588,ge,T34
T1589,ge,T1GS124889
T1590,ge,T2135
T1591,ge,T1459
T1592,ge,T1742
T1593,ge,T1417
T1594,ge,T1906
T1595,ge,T1906
T1596,ge,T613
T1597,ge,T895
T1598,ge,T2560
T1599,ge,T613
T1600,ge,T613
T1601,ge,T613
T1602,ge,T1044
T1603,ge,T1
T1604,ge,T1480
T1605,ge,T1
T1606,ge,T356
T1607,ge,T826
T1608,ge,T1
T1609,ge,T2376
T1610,ge,T2376
T1611,ge,T1
T1612,ge,T1CZ20
T1613,ge,T1
T1614,ge,T1
T1615,ge,T1
T1616,ge,T1
T1617,ge,T1
T1618,ge,T1
T1619,ge,T1
T1620,ge,T1
T1621,ge,T1
T1622,ge,T1
T1623,ge,T1
T1624,ge,T1
T1625,ge,T1
T1626,ge,T1
T1627,ge,T1
T1628,ge,T1
T1629,ge,T1
T1630,ge,T1
T1631,ge,T1
T1632,ge,T1
T1633,ge,T1
T1634,ge,T1
T1635,ge,T1
T1636,ge,T1408
T1637,ge,T1408
T1638,ge,T1
T1639,ge,T1GS128716
T1640,ge,T1027
T1641,ge,T2601
T1642,ge,T2601
T1643,ge,T1206
T1644,ge,T1469
T1645,ge,T003JR156
T3118,ge,T1GS129192
T1647,ge,T003JR156
T1649,ge,T2602
T1650,ge,T2082
T1651,ge,T1CZ17
T1652,ge,T356
T1653,ge,T1044
T1654,ge,T1
T1655,ge,T1044
T1656,ge,T48
T1657,ge,T288
T1658,ge,T1
T1659,ge,T846
T1660,ge,T1
T1661,ge,T1
T1662,ge,T810
T1663,ge,T978
T1665,ge,T2467
T1666,ge,T1015
T1668,ge,T1
T1669,ge,T1
T1671,ge,T1
T1672,ge,T1
T1673,ge,T1
T1674,ge,T1
T1675,ge,T1
T1676,ge,T1
T1677,ge,T1
T1678,ge,T1
T1679,ge,T67
T1680,ge,T1408
T1681,ge,T1
T1682,ge,T1458
T1683,ge,T809
T1684,ge,T809
T1686,ge,T1
T1687,ge,T1AT414
T1688,ge,T1408
T1689,ge,T398
T1690,ge,T932
T1691,ge,T1
T1692,ge,T1
T1694,ge,T1
T1695,ge,T1408
T1697,ge,T1
T1698,ge,T1
T1699,ge,T1
T1700,ge,T35
T1701,ge,T151
T1702,ge,T398
T1702,ge,T933
T1704,ge,T1
T1705,ge,T877
T1706,ge,T1
T1708,ge,T2084
T1709,ge,T1
T1710,ge,T1
T1711,ge,T159
T1712,ge,T67
T1714,ge,T67
T1022,ge,T1742
T1717,ge,T1742
T1718,ge,T330
T1720,ge,T1
T1721,ge,T8
T1721,ge,T67
T1723,ge,T1
T1724,ge,T867
T1725,ge,T159
T1726,ge,T1
T1727,ge,T8
T1728,ge,T1458
T1729,ge,T1408
T1730,ge,T8
T1731,ge,T159
T1732,ge,T159
T1733,ge,T895
T1734,ge,T151
T1735,ge,T895
T1736,ge,T1
T1737,ge,T159
T1738,ge,T1
T1739,ge,T1
T1740,ge,T67
T1741,ge,T2517
T1742,ge,T416
T1744,ge,T398
T1745,ge,T2136
T1746,ge,T2517
T1747,ge,T898
T3120,ge,T1
T1748,ge,T398
T1749,ge,T1
T1750,ge,T1
T1751,ge,T1458
T1753,ge,T1
T1754,ge,T895
T1755,ge,T895
T1758,ge,T159
T1759,ge,T1799
T1760,ge,T1
T1762,ge,T1
T1763,ge,T80
T1752,ge,T1
T1765,ge,T895
T2882,ge,T1
T2883,ge,T159
T1767,ge,T48
T1768,ge,T336
T1769,ge,T21
T1770,ge,T21
T1771,ge,T21
T1772,ge,T21
T1773,ge,T21
T1774,ge,T21
T1775,ge,T21
T1776,ge,T21
T1777,ge,T21
T1778,ge,T21
T1779,ge,T21
T1780,ge,T21
T1781,ge,T895
T1782,ge,T1028
T1783,ge,T398
T1784,ge,T1
T1785,ge,T1
T1786,ge,T1
T1787,ge,T1
T1788,ge,T1
T1789,ge,T1
T1790,ge,T2208
T1791,ge,T2541
T1792,ge,T2600
T1793,ge,T2373
T1794,ge,T00KG02746
T1795,ge,T1
T1796,ge,T1408
T1797,ge,T1408
T1798,ge,T867
T1799,ge,T00KG02658
T1800,ge,T00KG02658
T1801,ge,T1
T1802,ge,T4CZ15519
T1803,ge,T2600
T1804,ge,T2600
T1805,ge,T2600
T1806,ge,T2600
T1807,ge,T2600
T1808,ge,T2600
T1809,ge,T2600
T1810,ge,T2600
T1811,ge,T2600
T1812,ge,T2600
T1813,ge,T2600
T1814,ge,T2600
T1815,ge,T2600
T1816,ge,T2600
T1817,ge,T2600
T1818,ge,T867
T1819,ge,T933
T1820,ge,T933
T1821,ge,T872
T1822,ge,T1742
T1823,ge,T2600
T1824,ge,T1CZ24
T1825,ge,T416
T1826,ge,T2136
T3121,ge,T1020
T1827,ge,T2311
T1828,ge,T2602
T1829,ge,T2602
T1830,ge,T1206
T1832,ge,T2373
T1833,ge,T1689
T1834,ge,T1714
T1835,ge,T4CZ15520
T1836,ge,T4CZ15520
T1837,ge,T4CZ15520
T1838,ge,T4CZ15520
T1839,ge,T1GS145345
T1840,ge,T978
T1841,ge,T818
T1842,ge,T1GS145345
T1843,ge,T1GS145345
T1844,ge,T1458
T1845,ge,T330
T1846,ge,T398
T1847,ge,T00JR399
T1849,ge,T2607
T1850,ge,T003JR156
T1851,ge,T2600
T1852,ge,T2600
T1853,ge,T22
T1854,ge,T22
T1855,ge,T1GS129191
T1856,ge,T486
T1857,ge,T883
T1858,ge,T486
T1859,ge,T2570
T1860,ge,T2630
T1861,ge,T897
T1862,ge,T1206
T1863,ge,T1206
T1864,ge,T1206
T1865,ge,T1206
T1866,ge,T1206
T1867,ge,T1GS145345
T1868,ge,T1784
T1869,ge,T1988
T1870,ge,T1988
T1871,ge,T1988
T1872,ge,T4CZ2366
T1873,ge,T1
T1874,ge,T159
T1875,ge,T1
T1880,ge,T1
T1881,ge,T1
T1882,ge,T1
T1883,ge,T67
T1885,ge,T1
T1886,ge,T1
T1887,ge,T1
T1888,ge,T1
T1889,ge,T1
T1890,ge,T1
T3122,ge,T1820
T1891,ge,T1820
T3124,ge,T818
T1898,ge,T818
T3125,ge,T818
T1895,ge,T1029
T1896,ge,T1CZ4665
T1897,ge,T1
T1898,ge,T1015
T1899,ge,T933
T1902,ge,T1CZ4665
T1903,ge,T1458
T1904,ge,T1
T1906,ge,T288
T1907,ge,T1726
T1908,ge,T1726
T1909,ge,T2541
T1910,ge,T1AT414
T1911,ge,T1408
T1912,ge,T1CZ17
T1913,ge,T2600
T1916,ge,T977
T1917,ge,T00KG02676
T1918,ge,T1CZ25
T1919,ge,T416
T1920,ge,T1020
T1921,ge,T2136
T1921,ge,T2311
T1922,ge,T1AT414
T1923,ge,T1208
T1924,ge,T818
T1925,ge,T8
T1931,ge,T159
T1932,ge,T1015
T1926,ge,T977
T1927,ge,T67
T1928,ge,T1029
T1929,ge,T1
T1929,ge,T80
T1930,ge,T1
T1934,ge,T1
T1935,ge,T67
T1936,ge,T67
T1937,ge,T898
T1938,ge,T1408
T1939,ge,T1
T1940,ge,T1
T1941,ge,T1
T1942,ge,T1
T1943,ge,T1
T1944,ge,T1408
T1945,ge,T1
T1946,ge,T1
T1947,ge,T943
T1948,ge,T529
T1949,ge,T529
T1950,ge,T2517
T1951,ge,T1028
T1952,ge,T456
T1955,ge,T1
T1957,ge,T2038
T1958,ge,T977
T759,ge,T977
T1960,ge,T977
T1961,ge,T977
T1962,ge,T977
T1963,ge,T2410
T1964,ge,T1
T1965,ge,T67
T1966,ge,T67
T1966,ge,T161
T1967,ge,T1
T1968,ge,T1
T1970,ge,T1
T1972,ge,T1
T1973,ge,T1
T1976,ge,T1
T1978,ge,T1
T1980,ge,T1
T1981,ge,T1
T1982,ge,T1
T1984,ge,T1
T1985,ge,T1
T1986,ge,T1
T1987,ge,T1
T1988,ge,T1
T1989,ge,T1
T1990,ge,T1
T1992,ge,T1
T1994,ge,T1
T1995,ge,T613
T1996,ge,T1
T1997,ge,T1
T1998,ge,T1
T2001,ge,T1
T2002,ge,T1
T2003,ge,T1
T2004,ge,T1
T2006,ge,T1
T2010,ge,T1
T2011,ge,T1
T2012,ge,T1
T2023,ge,T1
T2026,ge,T1
T2027,ge,T1
T2028,ge,T1
T2029,ge,T1
T2030,ge,T613
T1995,ge,T1
T2039,ge,T1
T2043,ge,T1
T2044,ge,T1
T2045,ge,T1
T2046,ge,T1
T2048,ge,T1
T2051,ge,T1
T2054,ge,T1
T2056,ge,T1
T2057,ge,T1
T2060,ge,T1
T2061,ge,T1
T2063,ge,T1
T2065,ge,T1
T2065,ge,T933
T2068,ge,T1
T2070,ge,T1
T2071,ge,T1
T2072,ge,T1
T2073,ge,T1
T2074,ge,T1
T2075,ge,T1
T2076,ge,T1
T2078,ge,T613
T2079,ge,T1
T2080,ge,T1
T2082,ge,T1
T2083,ge,T1
T2084,ge,T1
T2085,ge,T1
T2086,ge,T1
T2088,ge,T1
T2089,ge,T1
T2092,ge,T1
T2093,ge,T1
T2095,ge,T613
T2096,ge,T613
T2098,ge,T613
T994,ge,T613
T2100,ge,T1
T2101,ge,T1
T2102,ge,T1
T2103,ge,T1
T2107,ge,T1
T2108,ge,T1
T2109,ge,T1
T409,ge,T977
T2111,ge,T1
T2112,ge,T1
T2113,ge,T1
T2114,ge,T1
T2430,ge,T1
T2119,ge,T1
T2121,ge,T1
T2123,ge,T1
T2124,ge,T1
T2125,ge,T1
T3011,ge,T977
T3011,ge,T1081
T2126,ge,T1
T2127,ge,T877
T2128,ge,T1
T2129,ge,T1
T2130,ge,T1
T2133,ge,T1
T2134,ge,T1
T2135,ge,T1
T2136,ge,T1
T2137,ge,T1
T2138,ge,T1
T2139,ge,T1
T2140,ge,T1
T2141,ge,T1
T2142,ge,T1
T2143,ge,T1
T2144,ge,T1
T2148,ge,T1
T2149,ge,T1
T2150,ge,T1
T2151,ge,T1
T2152,ge,T1
T2153,ge,T1
T2158,ge,T1
T2160,ge,T1
T2161,ge,T1
T2162,ge,T1
T2163,ge,T1
T2165,ge,T1
T2166,ge,T1
T2167,ge,T1
T2168,ge,T1
T2169,ge,T1
T2170,ge,T1
T2176,ge,T1
T2177,ge,T1
T2181,ge,T933
T2182,ge,T1
T2183,ge,T1
T2184,ge,T1
T2067,ge,T1
T2186,ge,T933
T2187,ge,T1
T2188,ge,T1
T2190,ge,T1
T2191,ge,T1
T2192,ge,T1
T2193,ge,T1
T2195,ge,T1
T2200,ge,T1
T2201,ge,T1
T2202,ge,T1
T2204,ge,T1
T2205,ge,T1
T2206,ge,T1
T2207,ge,T1
T2209,ge,T1
T2210,ge,T1
T2211,ge,T1
T2212,ge,T1
T2214,ge,T1
T2215,ge,T1
T2217,ge,T1
T2219,ge,T1
T2220,ge,T1
T2221,ge,T1
T2225,ge,T1
T2226,ge,T1
T2227,ge,T1
T2231,ge,T1
T2232,ge,T1
T2233,ge,T1
T2238,ge,T1
T2239,ge,T1
T2240,ge,T1
T2245,ge,T1
T2247,ge,T1
T2249,ge,T1
T2250,ge,T1
T2251,ge,T1
T2252,ge,T1
T2253,ge,T933
T2254,ge,T933
T2255,ge,T1
T2256,ge,T1
T2257,ge,T1
T2259,ge,T1
T2261,ge,T1
T2262,ge,T1
T2263,ge,T1
T2264,ge,T1
T2265,ge,T1
T2267,ge,T1
T2271,ge,T1
T2272,ge,T1
T2273,ge,T1
T2274,ge,T1
T2275,ge,T1
T2276,ge,T1
T2277,ge,T1
T2283,ge,T1
T2285,ge,T1
T2287,ge,T1
T2288,ge,T1
T2290,ge,T1
T2292,ge,T1
T2293,ge,T1
T2294,ge,T1
T2295,ge,T1
T2296,ge,T1
T2297,ge,T1
T2298,ge,T1
T2299,ge,T1
T2303,ge,T1
T2304,ge,T1
T2305,ge,T1
T2306,ge,T1
T2313,ge,T1
T2314,ge,T1
T2315,ge,T1
T2316,ge,T1
T2317,ge,T1
T2319,ge,T1
T2320,ge,T1
T2322,ge,T1
T2323,ge,T1
T2324,ge,T1
T2325,ge,T1
T2326,ge,T1
T2327,ge,T1
T2328,ge,T1
T2186,ge,T1
T2332,ge,T867
T2333,ge,T1
T2334,ge,T1
T2337,ge,T1
T2340,ge,T1
T2343,ge,T1
T2344,ge,T1
T2346,ge,T1
T2347,ge,T1
T2348,ge,T1
T2349,ge,T1
T2351,ge,T1559
T2355,ge,T1
T2357,ge,T1
T2358,ge,T1
T2359,ge,T1
T359,ge,T1
T2362,ge,T933
T2363,ge,T1
T2361,ge,T1
T2365,ge,T1
T2368,ge,T1
T2372,ge,T1
T2373,ge,T1
T2376,ge,T1
T2382,ge,T1
T2383,ge,T1
T2384,ge,T1
T2386,ge,T1
T2387,ge,T1
T2385,ge,T1
T2389,ge,T1
T2390,ge,T1
T2391,ge,T1
T2393,ge,T1
T2395,ge,T456
T2396,ge,T1
T2400,ge,T1
T2402,ge,T1
T2403,ge,T1
T2408,ge,T1
T2411,ge,T1
T2412,ge,T1
T2413,ge,T1
T2415,ge,T1
T2418,ge,T1
T2420,ge,T1
T2422,ge,T1
T2424,ge,T1
T2429,ge,T1
T2431,ge,T1
T2434,ge,T1
T2437,ge,T1
T2438,ge,T1
T2439,ge,T1
T2440,ge,T1
T2441,ge,T1459
T2443,ge,T1
T2444,ge,T1
T2445,ge,T1
T2446,ge,T1
T2457,ge,T1
T2459,ge,T1
T2460,ge,T1
T2462,ge,T1
T2463,ge,T1
T2464,ge,T1
T2466,ge,T1
T2469,ge,T1
T2468,ge,T1
T2471,ge,T1
T2472,ge,T1
T2473,ge,T1
T2474,ge,T1
T2475,ge,T1
T2476,ge,T1
T2477,ge,T1
T2478,ge,T1
T2479,ge,T1
T2481,ge,T1
T2484,ge,T1
T2485,ge,T1
T2486,ge,T1
T2487,ge,T1
T3126,ge,T27
T2488,ge,T67
T2489,ge,T67
T2490,ge,T67
T2491,ge,T67
T2492,ge,T67
T2493,ge,T1
T2495,ge,T457
T2496,ge,T159
T2497,ge,T1
T2498,ge,T895
T2499,ge,T809
T2500,ge,T1709
T2501,ge,T1
T2502,ge,T1
T2503,ge,T1
T2506,ge,T1
T2507,ge,T1
T2508,ge,T1
T2509,ge,T1
T2512,ge,T2602
T2513,ge,T1
T2514,ge,T67
T2517,ge,T67
T2518,ge,T1
T2520,ge,T67
T2521,ge,T1
T2522,ge,T1
T2523,ge,T1212
T2524,ge,T34
T2526,ge,T1
T2884,ge,T1
T2527,ge,T1029
T2528,ge,T5
T2529,ge,T1029
T2530,ge,T4CZ15086
T2531,ge,T4CZ15086
T2532,ge,T1029
T2533,ge,T2398
T2534,ge,T1CZ56
T2535,ge,T1029
T2536,ge,T1CZ56
T2537,ge,T1091
T2538,ge,T456
T2539,ge,T238
T2540,ge,T238
T2541,ge,T132
T2542,ge,T2398
T3012,ge,T132
T2544,ge,T2398
T2545,ge,T58
T2546,ge,T58
T2547,ge,T58
T2548,ge,T58
T2549,ge,T336
T2550,ge,T58
T2551,ge,T1
T2552,ge,T1
T2553,ge,T1
T2554,ge,T1
T2555,ge,T1
T2556,ge,T1
T2557,ge,T1
T2558,ge,T1
T2559,ge,T1
T2560,ge,T1
T2561,ge,T1
T2562,ge,T1
T2563,ge,T1
T2564,ge,T1
T2566,ge,T1
T2567,ge,T1
T2568,ge,T67
T2569,ge,T67
T2565,ge,T67
T2571,ge,T67
T2572,ge,T67
T2573,ge,T67
T3127,ge,T159
T2574,ge,T1
T2575,ge,T159
T2576,ge,T1PD108881
T3128,ge,T1029
T795,ge,T140
T3129,ge,T1362
T795,ge,T1362
T2583,ge,T00AG01323
T2584,ge,T1029
T2586,ge,T2398
T2588,ge,T170
T3130,ge,T170
T2589,ge,T170
T2590,ge,T132
T2591,ge,T977
T2592,ge,T1742
T2593,ge,T1742
T2594,ge,T132
T2596,ge,T1029
T2597,ge,T1237
T2598,ge,T1760
T2598,ge,T2467
T2599,ge,T2467
T3138,ge,T1689
T2601,ge,T1689
T2602,ge,T1343
T2602,ge,T140
T3131,ge,T1KG8787
T3134,ge,T132
T3133,ge,T132
T3135,ge,T132
T3136,ge,T132
T3139,ge,T132
T3140,ge,T132
T3140,ge,T2398
T3141,ge,T132
T3142,ge,T132
T3142,ge,T2398
T3143,ge,T1491
T3144,ge,T132
T3145,ge,T132
T3146,ge,T132
T3147,ge,T132
T3148,ge,T1491
T3149,ge,T132
T3149,ge,T2398
T3150,ge,T132
T3151,ge,T132
T3152,ge,T132
T3153,ge,T132
T3154,ge,T132
T3155,ge,T132
T3156,ge,T61
T3157,ge,T2398
T3158,ge,T132
T3159,ge,T132
T3160,ge,T132
T3161,ge,T132
T3162,ge,T132
T3163,ge,T132
T3164,ge,T61
T3165,ge,T3JT5054
T3166,ge,T132
T3167,ge,T132
T3168,ge,T61
T3169,ge,T233
T3170,ge,T233
T3171,ge,T233
T3172,ge,T233
T3173,ge,T233
T3174,ge,T132
T3175,ge,T132
T3176,ge,T132
T3177,ge,T132
T1092,ge,T1777
T3179,ge,T1777
T3180,ge,T132
T3181,ge,T1777
T3181,ge,T132
T3183,ge,T4CZ15086
T3184,ge,T1777
T3185,ge,T1777
T3186,ge,T132
T3187,ge,T132
T3188,ge,T1777
T3189,ge,T4CZ15086
T3190,ge,T132
T3191,ge,T1777
T3192,ge,T1777
T3193,ge,T4CZ15086
T3194,ge,T132
T3195,ge,T2023
T3196,ge,T1777
T3197,ge,T132
T3198,ge,T132
T3199,ge,T1777
T3200,ge,T1777
T3201,ge,T132
T3202,ge,T132
T3202,ge,T2398
T3203,ge,T1777
T3204,ge,T132
T3205,ge,T132
T3206,ge,T2624
T3207,ge,T132
T3208,ge,T1777
T3209,ge,T132
T3210,ge,T132
T3211,ge,T4CZ15086
T3212,ge,T132
T3213,ge,T61
T3214,ge,T1777
T3215,ge,T132
T3216,ge,T233
T3217,ge,T1491
T3218,ge,T61
T3219,ge,T132
T3220,ge,T132
T3220,ge,T1CZ56
T3221,ge,T132
T3222,ge,T61
T3223,ge,T132
T3223,ge,T2398
T3224,ge,T132
T3224,ge,T2398
T3225,ge,T132
T3226,ge,T4CZ15086
T3227,ge,T1491
T3228,ge,T1491
T3229,ge,T132
T3229,ge,T1777
T3230,ge,T132
T3231,ge,T1491
T3232,ge,T1777
T3233,ge,T4CZ15086
T3234,ge,T1777
T3235,ge,T1777
T3236,ge,T132
T3237,ge,T132
T3239,ge,T1777
T3240,ge,T1777
T3241,ge,T132
T3242,ge,T1777
T1724,ge,T4CZ15086
T3244,ge,T4CZ15086
T3245,ge,T132
T3246,ge,T1777
T3247,ge,T1029
T3248,ge,T1777
T3249,ge,T132
T3251,ge,T61
T3251,ge,T1029
T3252,ge,T381
T3252,ge,T10MS12962
T3253,ge,T1246
T3254,ge,T1246
T3255,ge,T1246
T3256,ge,T1246
T3257,ge,T1246
T1417,ge,T1246
T3259,ge,T1249
T3253,ge,T1524
T3260,ge,T1246
T3262,ge,T1246
T3263,ge,T1246
T3265,ge,T2410
T1287,ge,T1988
T3266,ge,T1988
T3268,ge,T132
T3269,ge,T1988
T3270,ge,T456
T3271,ge,T456
T3272,ge,T456
T3273,ge,T1CZ56
T3274,ge,T1246
T3275,ge,T1246
T3276,ge,T132
T3277,ge,T4CZ15626
T3278,ge,T132
T3278,ge,T2398
T3279,ge,T1246
T3280,ge,T58
T3281,ge,T58
T3282,ge,T337
T3283,ge,T132
T3283,ge,T5
T3284,ge,T58
T3285,ge,T2398
T3286,ge,T613
T3287,ge,T58
T3288,ge,T238
T3289,ge,T1491
T3290,ge,T2398
T3292,ge,T58
T3293,ge,T58
T3294,ge,T1029
T3295,ge,T1
T3296,ge,T1
T3297,ge,T58
T3298,ge,T2398
T3298,ge,T58
T3299,ge,T58
T3300,ge,T4CZ15086
T667,ge,T58
T3302,ge,T238
T3303,ge,T238
T3304,ge,T238
T3305,ge,T238
T3306,ge,T58
T3307,ge,T977
T3308,ge,T977
T3309,ge,T977
T3310,ge,T977
T3311,ge,T977
T3312,ge,T1297
T3313,ge,T1297
T3314,ge,T809
T3315,ge,T637
T3316,ge,T1015
T3317,ge,T977
T3318,ge,T1029
T3319,ge,T225
T3320,ge,T58
T3321,ge,T61
T3322,ge,T132
T3323,ge,T132
T3324,ge,T132
T3325,ge,T2002
T3326,ge,T132
T3327,ge,T132
T3328,ge,T132
T3329,ge,T61
T3330,ge,T1KG3717
T3330,ge,T58
T3331,ge,T61
T3332,ge,T132
T3333,ge,T61
T3334,ge,T132
T3335,ge,T132
T3336,ge,T132
T3337,ge,T61
T3338,ge,T61
T3339,ge,T132
T3339,ge,T1KG3171
T3340,ge,T132
T3341,ge,T132
T3342,ge,T132
T3343,ge,T132
T3344,ge,T132
T3345,ge,T132
T3346,ge,T132
T3347,ge,T132
T3348,ge,T132
T3348,ge,T1
T3349,ge,T132
T3351,ge,T132
T3352,ge,T132
T3353,ge,T132
T3354,ge,T132
T3355,ge,T132
T3356,ge,T132
T3357,ge,T132
T3358,ge,T13
T3358,ge,T132
T3359,ge,T1777
T3360,ge,T1777
T3361,ge,T1777
T3362,ge,T1777
T3363,ge,T1777
T3364,ge,T132
T3365,ge,T132
T3366,ge,T132
T3367,ge,T132
T3368,ge,T132
T3369,ge,T132
T3370,ge,T132
T3370,ge,T2398
T3371,ge,T132
T3372,ge,T132
T3373,ge,T132
T3374,ge,T1091
T3376,ge,T1091
T3377,ge,T2398
T3378,ge,T2398
T3379,ge,T2398
T3380,ge,T2398
T3381,ge,T2398
T3382,ge,T61
T3383,ge,T132
T3385,ge,T132
T3386,ge,T61
T3387,ge,T2398
T3388,ge,T2398
T3389,ge,T132
T3390,ge,T132
T3391,ge,T132
T3392,ge,T132
T3393,ge,T61
T3394,ge,T1420
T3396,ge,T132
T3397,ge,T1420
T3399,ge,T2107
T3400,ge,T1420
T3401,ge,T1029
T3402,ge,T132
T3403,ge,T132
T3404,ge,T132
T3405,ge,T132
T3406,ge,T132
T3407,ge,T132
T3408,ge,T132
T3409,ge,T132
T3410,ge,T132
T3411,ge,T613
T3412,ge,T613
T3413,ge,T613
T3414,ge,T456
T3415,ge,T613
T3418,ge,T238
T3419,ge,T1400
T3420,ge,T132
T3421,ge,T1491
T3422,ge,T238
T3423,ge,T132
T3423,ge,T456
T3425,ge,T1CZ56
T3426,ge,T1CZ56
T3427,ge,T59
T3428,ge,T132
T3429,ge,T61
T3430,ge,T132
T3431,ge,T132
T3432,ge,T132
T3433,ge,T132
T3435,ge,T132
T3436,ge,T132
T3437,ge,T1285
T3438,ge,T132
T3439,ge,T61
T3440,ge,T613
T3441,ge,T132
T3442,ge,T132
T3443,ge,T132
T3443,ge,T2398
T3444,ge,T132
T3445,ge,T132
T3446,ge,T132
T3447,ge,T132
T3448,ge,T132
T3449,ge,T58
T3450,ge,T132
T3451,ge,T132
T3452,ge,T132
T3453,ge,T132
T3454,ge,T132
T3455,ge,T58
T3456,ge,T58
T3457,ge,T4JW5424
T3458,ge,T132
T3459,ge,T61
T3460,ge,T132
T3461,ge,T132
T3462,ge,T10MS11174
T3463,ge,T132
T3464,ge,T132
T3466,ge,T10MS11174
T3467,ge,T1787
T3468,ge,T1787
T3469,ge,T1KG3171
T3471,ge,T1368
T3472,ge,T28
T3473,ge,T132
T3474,ge,T67
T3475,ge,T132
T3476,ge,T898
T3478,ge,T2398
T3478,ge,T4CZ15086
T3479,ge,T1723
T3480,ge,T61
T3481,ge,T456
T3482,ge,T1779
T3484,ge,T1779
T3485,ge,T1779
T3486,ge,T809
T3487,ge,T132
T3487,ge,T860
T3488,ge,T1342
T3489,ge,T132
T3490,ge,T1342
T3491,ge,T1342
T3491,ge,T256
T3589,ge,T1342
T3589,ge,T256
T3493,ge,T1779
T3494,ge,T1342
T3495,ge,T1342
T3498,ge,T58
T3495,ge,T445
T3500,ge,T445
T3501,ge,T445
T3502,ge,T445
T3503,ge,T132
T3504,ge,T329
T3505,ge,T445
T3506,ge,T245
T3507,ge,T445
T3508,ge,T445
T3509,ge,T445
T3510,ge,T445
T3511,ge,T445
T3512,ge,T445
T3513,ge,T445
T3514,ge,T445
T3515,ge,T445
T3299,ge,T445
T3517,ge,T613
T3518,ge,T1487
T3520,ge,T58
T3520,ge,T14
T3521,ge,T58
T3521,ge,T14
T3521,ge,T2082
T3522,ge,T14
T3523,ge,T14
T3524,ge,T14
T3525,ge,T14
T3526,ge,T14
T3527,ge,T14
T3528,ge,T132
T3529,ge,T1491
T3530,ge,T132
T3531,ge,T58
T3532,ge,T221
T3533,ge,T58
T3534,ge,T58
T3535,ge,T613
T3017,ge,T529
T3536,ge,T529
T3537,ge,T4CZ16845
T3538,ge,T33
T3539,ge,T33
T3540,ge,T1777
T3541,ge,T1777
T3541,ge,T4JW5424
T3542,ge,T1777
T3543,ge,T4JW5424
T3544,ge,T1777
T3545,ge,T1777
T3546,ge,T1777
T3547,ge,T1777
T3548,ge,T1777
T3549,ge,T1777
T3647,ge,T1777
T3648,ge,T1777
T3649,ge,T4JW5424
T3650,ge,T4JW5424
T3554,ge,T1491
T3555,ge,T1777
T3556,ge,T1777
T3557,ge,T132
T3558,ge,T132
T3559,ge,T132
T3553,ge,T132
T3562,ge,T132
T3563,ge,T132
T3564,ge,T132
T3565,ge,T132
T3566,ge,T132
T3568,ge,T132
T3569,ge,T132
T3570,ge,T132
T3571,ge,T132
T3572,ge,T132
T3573,ge,T132
T3574,ge,T132
T3575,ge,T132
T3576,ge,T132
T3577,ge,T132
T3578,ge,T1777
T3579,ge,T1777
T3580,ge,T1777
T3581,ge,T1777
T3582,ge,T1777
T3583,ge,T1777
T3584,ge,T1777
T3585,ge,T1777
T3586,ge,T1777
T3587,ge,T1016
T3588,ge,T1777
T3589,ge,T132
T3590,ge,T1777
T3591,ge,T1777
T3592,ge,T1777
T3593,ge,T1CZ834
T3594,ge,T1CZ834
T3595,ge,T1777
T3596,ge,T1029
T3597,ge,T1777
T3598,ge,T1777
T3599,ge,T1777
T3600,ge,T1777
T3601,ge,T1777
T3602,ge,T1491
T3603,ge,T132
T3604,ge,T186
T3605,ge,T186
T3606,ge,T283
T3607,ge,T132
T3608,ge,T132
T3608,ge,T2398
T3609,ge,T2346
T3610,ge,T1029
T3611,ge,T1777
T3612,ge,T283
T3613,ge,T132
T3614,ge,T132
T3615,ge,T132
T3617,ge,T1777
T3618,ge,T132
T3619,ge,T132
T3612,ge,T132
T3621,ge,T132
T3622,ge,T1777
T3623,ge,T132
T3624,ge,T132
T3625,ge,T1777
T3626,ge,T132
T3627,ge,T1777
T3628,ge,T1777
T3629,ge,T132
T3630,ge,T1777
T3631,ge,T132
T3632,ge,T283
T3633,ge,T132
T3634,ge,T240
T3634,ge,T372
T3635,ge,T1777
T3635,ge,T372
T3636,ge,T1777
T3637,ge,T1777
T3638,ge,WA00EGS1016641
T3638,ge,T1777
T3639,ge,T67
T3639,ge,T206
T3640,ge,WA17653
T3640,ge,T1777
T3641,ge,T1777
T3642,ge,T1777
T3643,ge,T132
T3644,ge,T2398
T3645,ge,T61
T3645,ge,T1777
T3646,ge,T132
T3647,ge,T88
T3648,ge,T86
T3649,ge,T132
T3650,ge,T323
T3651,ge,T5
T3652,ge,T941
T3653,ge,T1839
T3654,ge,T1839
T3655,ge,T1756
T3656,ge,T1834
T3657,ge,T1834
T3658,ge,T203
T3659,ge,T1834
T3660,ge,T2398
T3661,ge,T2398
T3662,ge,T1777
T3663,ge,T2033
T3664,ge,T2033
T3665,ge,T1343
T3665,ge,T2033
T3667,ge,T58
T3667,ge,T28
T3668,ge,T2033
T3669,ge,T2033
T3670,ge,T4CZ16889
T3671,ge,T4CZ16889
T3672,ge,T4CZ16889
T3673,ge,T1
T3674,ge,T276
T3676,ge,T1
T3676,ge,T276
T3677,ge,T1
T3677,ge,T276
T3678,ge,T1
T3678,ge,T276
T3679,ge,T1PD96320
T3680,ge,T1231
T3681,ge,T1986
T3682,ge,T186
T3683,ge,T186
T3684,ge,T186
T3685,ge,T132
T3686,ge,T2398
T3687,ge,T132
T3688,ge,T102
T3689,ge,T221
T3690,ge,T1029
T3691,ge,T276
T3692,ge,T132
T3693,ge,T132
T3694,ge,T1029
T3695,ge,T1029
T3696,ge,T1446
T3696,ge,T1231
T3697,ge,T1446
T3697,ge,T1231
T3698,ge,T13
T3699,ge,T2398
T3700,ge,T1249
T3701,ge,T1249
T3702,ge,T1249
T3703,ge,T1249
T3704,ge,T1249
T3705,ge,T1249
T3706,ge,T1249
T3707,ge,T1249
T3708,ge,T1249
T3709,ge,T1249
T3710,ge,T1249
T3710,ge,T1266
T3711,ge,T34
T3712,ge,T34
T3713,ge,T34
T3714,ge,T34
T3715,ge,T34
T3716,ge,T34
T3717,ge,T34
T3718,ge,T34
T3719,ge,T34
T3720,ge,T34
T3721,ge,T34
T3722,ge,T34
T3723,ge,T34
T3724,ge,T23
T3725,ge,T34
T3726,ge,T34
T3727,ge,T34
T3728,ge,T34
T3729,ge,T34
T3730,ge,T34
T3731,ge,T34
T3732,ge,T23
T3733,ge,T23
T2602,ge,T1689
T3734,ge,T1689
T3735,ge,T1689
T3736,ge,T1689
T3737,ge,T1689
T3738,ge,T2001
T3739,ge,T2001
T3740,ge,T2001
T3741,ge,T34
T3742,ge,T2001
T2602,ge,T1760
T3743,ge,T1342
T3743,ge,T1689
T3744,ge,T1760
T3744,ge,T1689
T3745,ge,T1760
T3745,ge,T1689
T3747,ge,T1689
T3749,ge,T1689
T3750,ge,T1777
T3750,ge,T132
T3751,ge,T132
T3752,ge,T1777
T3754,ge,T4CZ16893
T3755,ge,T4CZ16893
T3757,ge,T1777
T3758,ge,T132
T3612,ge,T4CZ16893
T3620,ge,T1777
T3759,ge,T1777
T3760,ge,T132
T3761,ge,T1777
T3762,ge,T613
T3763,ge,T86
T3766,ge,T1234
T3767,ge,T898
T3768,ge,T1777
T3769,ge,T1777
T3770,ge,T1777
T3771,ge,T613
T3772,ge,T28
T3773,ge,T132
T3774,ge,T58
T3775,ge,T58
T3776,ge,T58
T3777,ge,T58
T3778,ge,T58
T3779,ge,T58
T3780,ge,T1777
T3781,ge,T1777
T3781,ge,T372
T3782,ge,T1777
T3130,ge,T456
T3785,ge,T132
T3786,ge,T102
T3787,ge,T456
T3788,ge,T769
T3789,ge,T2037
K360,ab,T69
K360,ab,WA22003
K361,ab,T00AG0328
K362,ab,T2129
K362,ab,T74
K363,ab,T2129
K363,ab,T74
K364,ab,T2129
K364,ab,T74
K365,ab,T74
K366,ab,T2129
K366,ab,T1377
K367,ab,T2129
K367,ab,T1377
K417,ab,T2129
K418,ab,T2129
K418,ab,T130
K417,ab,T130
K419,ab,T131
K419,ab,T621
K420,ab,T1989
K421,ab,T1346
K421,ab,T1989
K422,ab,T1989
K423,ab,T1989
K368,ab,T625
K369,ab,T1991
K370,ab,T1346
K370,ab,T1991
K372,ab,T1067
K372,ab,T2187
K373,ab,T2187
K373,ab,T1059
K374,ab,T423
K374,ab,T2187
K377,ab,T00JR885
K377,ab,T2187
K375,ab,T1989
K376,ab,T2187
K380,ab,T428
K380,ab,T2187
K381,ab,T2157
K381,ab,T134
K383,ab,T1993
K384,ab,T1991
K384,ab,T1993
K385,ab,T1989
K385,ab,T1991
K386,ab,T1989
K386,ab,T1991
K387,ab,T1989
K387,ab,T1991
K388,ab,T1991
K388,ab,T2187
K389,ab,T1989
K389,ab,T1991
K390,ab,T1989
K390,ab,T1991
K391,ab,T1989
K391,ab,T1991
K392,ab,T1989
K392,ab,T1991
K393,ab,T1989
K393,ab,T1991
K394,ab,T1989
K394,ab,T1991
K395,ab,T1989
K395,ab,T1991
K396,ab,T1989
K396,ab,T1991
K397,ab,T1989
K397,ab,T1991
K398,ab,T1989
K398,ab,T1991
K399,ab,T1989
K399,ab,T1991
K400,ab,T1989
K400,ab,T1991
K401,ab,T1989
K401,ab,T1991
K402,ab,T1989
K402,ab,T1991
K403,ab,T1989
K403,ab,T1991
K404,ab,T1989
K404,ab,T1991
K405,ab,T1989
K405,ab,T1991
K406,ab,T1989
K406,ab,T1991
K408,ab,T1989
K408,ab,T1991
K371,ab,T1989
K371,ab,T1991
K407,ab,T1989
K407,ab,T1991
K411,ab,T1989
K411,ab,T1991
K372,ab,T1989
K372,ab,T1991
K413,ab,T1989
K413,ab,T1991
K414,ab,T1989
K414,ab,T1991
K415,ab,T1989
K415,ab,T1991
K378,ab,T1989
K378,ab,T1991
K416,ab,T1989
K416,ab,T1991
K424,ab,T1989
K424,ab,T1991
K425,ab,T1989
K425,ab,T1991
K426,ab,T1989
K426,ab,T1991
K427,ab,T1989
K427,ab,T1991
K361,ge,T157
K365,ge,T1343
